datetime,T6
2021-11-17 00:00:29,0.0
2021-11-17 00:01:09,0.0
2021-11-17 00:01:49,0.0
2021-11-17 00:02:30,0.0
2021-11-17 00:03:10,0.0
2021-11-17 00:03:50,0.0
2021-11-17 00:04:30,0.0
2021-11-17 00:05:10,0.0
2021-11-17 00:05:50,0.0
2021-11-17 00:06:31,0.0
2021-11-17 00:07:11,0.0
2021-11-17 00:07:51,0.0
2021-11-17 00:08:31,0.0
2021-11-17 00:09:11,0.0
2021-11-17 00:09:51,0.0
2021-11-17 00:10:32,0.0
2021-11-17 00:11:12,0.0
2021-11-17 00:11:52,0.0
2021-11-17 00:12:32,0.0
2021-11-17 00:13:12,0.0
2021-11-17 00:13:52,0.0
2021-11-17 00:14:33,0.0
2021-11-17 00:15:13,0.0
2021-11-17 00:15:53,0.0
2021-11-17 00:16:33,0.0
2021-11-17 00:17:13,0.0
2021-11-17 00:17:53,0.0
2021-11-17 00:18:34,0.0
2021-11-17 00:19:14,0.0
2021-11-17 00:19:54,0.0
2021-11-17 00:20:34,0.0
2021-11-17 00:21:14,0.0
2021-11-17 00:21:54,0.0
2021-11-17 00:22:35,0.0
2021-11-17 00:23:15,0.0
2021-11-17 00:23:55,0.0
2021-11-17 00:24:35,0.0
2021-11-17 00:25:15,0.0
2021-11-17 00:25:55,0.0
2021-11-17 00:26:36,0.0
2021-11-17 00:27:16,0.0
2021-11-17 00:27:56,0.0
2021-11-17 00:28:36,0.0
2021-11-17 00:29:16,0.0
2021-11-17 00:29:56,0.0
2021-11-17 00:30:37,0.0
2021-11-17 00:31:17,0.0
2021-11-17 00:31:57,0.0
2021-11-17 00:32:37,0.0
2021-11-17 00:33:17,0.0
2021-11-17 00:33:57,0.0
2021-11-17 00:34:38,0.0
2021-11-17 00:35:18,0.0
2021-11-17 00:35:58,0.0
2021-11-17 00:36:38,0.0
2021-11-17 00:37:18,0.0
2021-11-17 00:37:58,0.0
2021-11-17 00:38:39,0.0
2021-11-17 00:39:19,0.0
2021-11-17 00:39:59,0.0
2021-11-17 00:40:39,0.0
2021-11-17 00:41:19,0.0
2021-11-17 00:42:00,0.0
2021-11-17 00:42:40,0.0
2021-11-17 00:43:20,0.0
2021-11-17 00:44:00,0.0
2021-11-17 00:44:40,0.0
2021-11-17 00:45:20,0.0
2021-11-17 00:46:01,0.0
2021-11-17 00:46:41,0.0
2021-11-17 00:47:21,0.0
2021-11-17 00:48:01,0.0
2021-11-17 00:48:41,0.0
2021-11-17 00:49:22,0.0
2021-11-17 00:50:02,0.0
2021-11-17 00:50:42,0.0
2021-11-17 00:51:22,0.0
2021-11-17 00:52:02,0.0
2021-11-17 00:52:42,0.0
2021-11-17 00:53:23,0.0
2021-11-17 00:54:03,0.0
2021-11-17 00:54:43,0.0
2021-11-17 00:55:23,0.0
2021-11-17 00:56:03,0.0
2021-11-17 00:56:44,0.0
2021-11-17 00:57:24,0.0
2021-11-17 00:58:04,0.0
2021-11-17 00:58:44,0.0
2021-11-17 00:59:24,0.0
2021-11-17 01:00:05,0.0
2021-11-17 01:00:45,0.0
2021-11-17 01:01:25,0.0
2021-11-17 01:02:05,0.0
2021-11-17 01:02:45,0.0
2021-11-17 01:03:25,0.0
2021-11-17 01:04:06,0.0
2021-11-17 01:04:46,0.0
2021-11-17 01:05:26,0.0
2021-11-17 01:06:06,0.0
2021-11-17 01:06:46,0.0
2021-11-17 01:07:27,0.0
2021-11-17 01:08:07,0.0
2021-11-17 01:08:47,0.0
2021-11-17 01:09:27,0.0
2021-11-17 01:10:07,0.0
2021-11-17 01:10:47,0.0
2021-11-17 01:11:28,0.0
2021-11-17 01:12:08,0.0
2021-11-17 01:12:48,0.0
2021-11-17 01:13:28,0.0
2021-11-17 01:14:08,0.0
2021-11-17 01:14:49,0.0
2021-11-17 01:15:29,0.0
2021-11-17 01:16:09,0.0
2021-11-17 01:16:49,0.0
2021-11-17 01:17:29,0.0
2021-11-17 01:18:10,0.0
2021-11-17 01:18:50,0.0
2021-11-17 01:19:30,0.0
2021-11-17 01:20:10,0.0
2021-11-17 01:20:50,0.0
2021-11-17 01:21:31,0.0
2021-11-17 01:22:11,0.0
2021-11-17 01:22:51,0.0
2021-11-17 01:23:31,0.0
2021-11-17 01:24:11,0.0
2021-11-17 01:24:51,0.0
2021-11-17 01:25:32,0.0
2021-11-17 01:26:12,0.0
2021-11-17 01:26:52,0.0
2021-11-17 01:27:32,0.0
2021-11-17 01:28:12,0.0
2021-11-17 01:28:53,0.0
2021-11-17 01:29:33,0.0
2021-11-17 01:30:13,0.0
2021-11-17 01:30:53,0.0
2021-11-17 01:31:33,0.0
2021-11-17 01:32:14,0.0
2021-11-17 01:32:54,0.0
2021-11-17 01:33:34,0.0
2021-11-17 01:34:14,0.0
2021-11-17 01:34:54,0.0
2021-11-17 01:35:34,0.0
2021-11-17 01:36:15,0.0
2021-11-17 01:36:55,0.0
2021-11-17 01:37:35,0.0
2021-11-17 01:38:15,0.0
2021-11-17 01:38:55,0.0
2021-11-17 01:39:36,0.0
2021-11-17 01:40:16,0.0
2021-11-17 01:40:56,0.0
2021-11-17 01:41:36,0.0
2021-11-17 01:42:16,0.0
2021-11-17 01:42:57,0.0
2021-11-17 01:43:37,0.0
2021-11-17 01:44:17,0.0
2021-11-17 01:44:57,0.0
2021-11-17 01:45:37,0.0
2021-11-17 01:46:18,0.0
2021-11-17 01:46:58,0.0
2021-11-17 01:47:38,0.0
2021-11-17 01:48:18,0.0
2021-11-17 01:48:58,0.0
2021-11-17 01:49:39,0.0
2021-11-17 01:50:19,0.0
2021-11-17 01:50:59,0.0
2021-11-17 01:51:39,0.0
2021-11-17 01:52:19,0.0
2021-11-17 01:53:00,0.0
2021-11-17 01:53:40,0.0
2021-11-17 01:54:20,0.0
2021-11-17 01:55:00,0.0
2021-11-17 01:55:40,0.0
2021-11-17 01:56:21,0.0
2021-11-17 01:57:01,0.0
2021-11-17 01:57:41,0.0
2021-11-17 01:58:21,0.0
2021-11-17 01:59:01,0.0
2021-11-17 01:59:41,0.0
2021-11-17 02:00:21,0.0
2021-11-17 02:01:02,0.0
2021-11-17 02:01:42,0.0
2021-11-17 02:02:22,0.0
2021-11-17 02:03:02,0.0
2021-11-17 02:03:42,0.0
2021-11-17 02:04:23,0.0
2021-11-17 02:05:03,0.0
2021-11-17 02:05:43,0.0
2021-11-17 02:06:23,0.0
2021-11-17 02:07:03,0.0
2021-11-17 02:07:44,0.0
2021-11-17 02:08:24,0.0
2021-11-17 02:09:04,0.0
2021-11-17 02:09:44,0.0
2021-11-17 02:10:24,0.0
2021-11-17 02:11:04,0.0
2021-11-17 02:11:45,0.0
2021-11-17 02:12:25,0.0
2021-11-17 02:13:05,0.0
2021-11-17 02:13:45,0.0
2021-11-17 02:14:26,0.0
2021-11-17 02:15:06,0.0
2021-11-17 02:15:46,0.0
2021-11-17 02:16:26,0.0
2021-11-17 02:17:06,0.0
2021-11-17 02:17:47,0.0
2021-11-17 02:18:27,0.0
2021-11-17 02:19:07,0.0
2021-11-17 02:19:47,0.0
2021-11-17 02:20:27,0.0
2021-11-17 02:21:08,0.0
2021-11-17 02:21:48,0.0
2021-11-17 02:22:28,0.0
2021-11-17 02:23:08,0.0
2021-11-17 02:23:48,0.0
2021-11-17 02:24:28,0.0
2021-11-17 02:25:09,0.0
2021-11-17 02:25:49,0.0
2021-11-17 02:26:29,0.0
2021-11-17 02:27:09,0.0
2021-11-17 02:27:49,0.0
2021-11-17 02:28:30,0.0
2021-11-17 02:29:10,0.0
2021-11-17 02:29:50,0.0
2021-11-17 02:30:30,0.0
2021-11-17 02:31:11,0.0
2021-11-17 02:31:51,0.0
2021-11-17 02:32:31,0.0
2021-11-17 02:33:11,0.0
2021-11-17 02:33:51,0.0
2021-11-17 02:34:32,0.0
2021-11-17 02:35:12,0.0
2021-11-17 02:35:52,0.0
2021-11-17 02:36:32,0.0
2021-11-17 02:37:12,0.0
2021-11-17 02:37:52,0.0
2021-11-17 02:38:33,0.0
2021-11-17 02:39:13,0.0
2021-11-17 02:39:53,0.0
2021-11-17 02:40:33,0.0
2021-11-17 02:41:13,0.0
2021-11-17 02:41:54,0.0
2021-11-17 02:42:34,0.0
2021-11-17 02:43:14,0.0
2021-11-17 02:43:54,0.0
2021-11-17 02:44:34,0.0
2021-11-17 02:45:14,0.0
2021-11-17 02:45:55,0.0
2021-11-17 02:46:35,0.0
2021-11-17 02:47:15,0.0
2021-11-17 02:47:55,0.0
2021-11-17 02:48:35,0.0
2021-11-17 02:49:16,0.0
2021-11-17 02:49:56,0.0
2021-11-17 02:50:36,0.0
2021-11-17 02:51:16,0.0
2021-11-17 02:51:56,0.0
2021-11-17 02:52:36,0.0
2021-11-17 02:53:17,0.0
2021-11-17 02:53:57,0.0
2021-11-17 02:54:37,0.0
2021-11-17 02:55:17,0.0
2021-11-17 02:55:57,0.0
2021-11-17 02:56:38,0.0
2021-11-17 02:57:18,0.0
2021-11-17 02:57:58,0.0
2021-11-17 02:58:38,0.0
2021-11-17 02:59:18,0.0
2021-11-17 02:59:58,0.0
2021-11-17 03:00:39,0.0
2021-11-17 03:01:19,0.0
2021-11-17 03:01:59,0.0
2021-11-17 03:02:39,0.0
2021-11-17 03:03:19,0.0
2021-11-17 03:04:00,0.0
2021-11-17 03:04:40,0.0
2021-11-17 03:05:20,0.0
2021-11-17 03:06:00,0.0
2021-11-17 03:06:40,0.0
2021-11-17 03:07:21,0.0
2021-11-17 03:08:01,0.0
2021-11-17 03:08:41,0.0
2021-11-17 03:09:21,0.0
2021-11-17 03:10:01,0.0
2021-11-17 03:10:42,0.0
2021-11-17 03:11:22,0.0
2021-11-17 03:12:02,0.0
2021-11-17 03:12:42,0.0
2021-11-17 03:13:22,0.0
2021-11-17 03:14:02,0.0
2021-11-17 03:14:43,0.0
2021-11-17 03:15:23,0.0
2021-11-17 03:16:03,0.0
2021-11-17 03:16:43,0.0
2021-11-17 03:17:23,0.0
2021-11-17 03:18:03,0.0
2021-11-17 03:18:44,0.0
2021-11-17 03:19:24,0.0
2021-11-17 03:20:04,0.0
2021-11-17 03:20:44,0.0
2021-11-17 03:21:24,0.0
2021-11-17 03:22:05,0.0
2021-11-17 03:22:45,0.0
2021-11-17 03:23:25,0.0
2021-11-17 03:24:05,0.0
2021-11-17 03:24:45,0.0
2021-11-17 03:25:26,0.0
2021-11-17 03:26:06,0.0
2021-11-17 03:26:46,0.0
2021-11-17 03:27:26,0.0
2021-11-17 03:28:06,0.0
2021-11-17 03:28:47,0.0
2021-11-17 03:29:27,0.0
2021-11-17 03:30:07,0.0
2021-11-17 03:30:47,0.0
2021-11-17 03:31:27,0.0
2021-11-17 03:32:07,0.0
2021-11-17 03:32:48,0.0
2021-11-17 03:33:28,0.0
2021-11-17 03:34:08,0.0
2021-11-17 03:34:48,0.0
2021-11-17 03:35:28,0.0
2021-11-17 03:36:08,0.0
2021-11-17 03:36:49,0.0
2021-11-17 03:37:29,0.0
2021-11-17 03:38:09,0.0
2021-11-17 03:38:49,0.0
2021-11-17 03:39:29,0.0
2021-11-17 03:40:10,0.0
2021-11-17 03:40:50,0.0
2021-11-17 03:41:30,0.0
2021-11-17 03:42:10,0.0
2021-11-17 03:42:50,0.0
2021-11-17 03:43:30,0.0
2021-11-17 03:44:11,0.0
2021-11-17 03:44:51,0.0
2021-11-17 03:45:31,0.0
2021-11-17 03:46:11,0.0
2021-11-17 03:46:52,0.0
2021-11-17 03:47:32,0.0
2021-11-17 03:48:12,0.0
2021-11-17 03:48:52,0.0
2021-11-17 03:49:32,0.0
2021-11-17 03:50:12,0.0
2021-11-17 03:50:52,0.0
2021-11-17 03:51:33,0.0
2021-11-17 03:52:13,0.0
2021-11-17 03:52:53,0.0
2021-11-17 03:53:33,0.0
2021-11-17 03:54:14,0.0
2021-11-17 03:54:54,0.0
2021-11-17 03:55:34,0.0
2021-11-17 03:56:14,0.0
2021-11-17 03:56:54,0.0
2021-11-17 03:57:35,0.0
2021-11-17 03:58:15,0.0
2021-11-17 03:58:55,0.0
2021-11-17 03:59:35,0.0
2021-11-17 04:00:15,0.0
2021-11-17 04:00:55,0.0
2021-11-17 04:01:36,0.0
2021-11-17 04:02:16,0.0
2021-11-17 04:02:56,0.0
2021-11-17 04:03:36,0.0
2021-11-17 04:04:16,0.0
2021-11-17 04:04:57,0.0
2021-11-17 04:05:37,0.0
2021-11-17 04:06:17,0.0
2021-11-17 04:06:57,0.0
2021-11-17 04:07:37,0.0
2021-11-17 04:08:18,0.0
2021-11-17 04:08:58,0.0
2021-11-17 04:09:38,0.0
2021-11-17 04:10:18,0.0
2021-11-17 04:10:58,0.0
2021-11-17 04:11:38,0.0
2021-11-17 04:12:19,0.0
2021-11-17 04:12:59,0.0
2021-11-17 04:13:39,0.0
2021-11-17 04:14:19,0.0
2021-11-17 04:14:59,0.0
2021-11-17 04:15:39,0.0
2021-11-17 04:16:20,0.0
2021-11-17 04:17:00,0.0
2021-11-17 04:17:40,0.0
2021-11-17 04:18:20,0.0
2021-11-17 04:19:00,0.0
2021-11-17 04:19:41,0.0
2021-11-17 04:20:21,0.0
2021-11-17 04:21:01,0.0
2021-11-17 04:21:41,0.0
2021-11-17 04:22:21,0.0
2021-11-17 04:23:01,0.0
2021-11-17 04:23:42,0.0
2021-11-17 04:24:22,0.0
2021-11-17 04:25:02,0.0
2021-11-17 04:25:42,0.0
2021-11-17 04:26:22,0.0
2021-11-17 04:27:03,0.0
2021-11-17 04:27:43,0.0
2021-11-17 04:28:23,0.0
2021-11-17 04:29:03,0.0
2021-11-17 04:29:43,0.0
2021-11-17 04:30:23,0.0
2021-11-17 04:31:04,0.0
2021-11-17 04:31:44,0.0
2021-11-17 04:32:24,0.0
2021-11-17 04:33:04,0.0
2021-11-17 04:33:44,0.0
2021-11-17 04:34:25,0.0
2021-11-17 04:35:05,0.0
2021-11-17 04:35:45,0.0
2021-11-17 04:36:25,0.0
2021-11-17 04:37:05,0.0
2021-11-17 04:37:45,0.0
2021-11-17 04:38:26,0.0
2021-11-17 04:39:06,0.0
2021-11-17 04:39:46,0.0
2021-11-17 04:40:26,0.0
2021-11-17 04:41:06,0.0
2021-11-17 04:41:47,0.0
2021-11-17 04:42:27,0.0
2021-11-17 04:43:07,0.0
2021-11-17 04:43:47,0.0
2021-11-17 04:44:27,0.0
2021-11-17 04:45:08,0.0
2021-11-17 04:45:48,0.0
2021-11-17 04:46:28,0.0
2021-11-17 04:47:08,0.0
2021-11-17 04:47:48,0.0
2021-11-17 04:48:29,0.0
2021-11-17 04:49:09,0.0
2021-11-17 04:49:49,0.0
2021-11-17 04:50:29,0.0
2021-11-17 04:51:09,0.0
2021-11-17 04:51:49,0.0
2021-11-17 04:52:30,0.0
2021-11-17 04:53:10,0.0
2021-11-17 04:53:50,0.0
2021-11-17 04:54:30,0.0
2021-11-17 04:55:10,0.0
2021-11-17 04:55:51,0.0
2021-11-17 04:56:31,0.0
2021-11-17 04:57:11,0.0
2021-11-17 04:57:51,0.0
2021-11-17 04:58:31,0.0
2021-11-17 04:59:12,0.0
2021-11-17 04:59:52,0.0
2021-11-17 05:00:32,0.0
2021-11-17 05:01:12,0.0
2021-11-17 05:01:52,0.0
2021-11-17 05:02:33,0.0
2021-11-17 05:03:13,0.0
2021-11-17 05:03:53,0.0
2021-11-17 05:04:33,0.0
2021-11-17 05:05:13,0.0
2021-11-17 05:05:53,0.0
2021-11-17 05:06:34,0.0
2021-11-17 05:07:14,0.0
2021-11-17 05:07:54,0.0
2021-11-17 05:08:34,0.0
2021-11-17 05:09:14,0.0
2021-11-17 05:09:55,0.0
2021-11-17 05:10:35,0.0
2021-11-17 05:11:15,0.0
2021-11-17 05:11:55,0.0
2021-11-17 05:12:35,0.0
2021-11-17 05:13:16,0.0
2021-11-17 05:13:56,0.0
2021-11-17 05:14:36,0.0
2021-11-17 05:15:16,0.0
2021-11-17 05:15:56,0.0
2021-11-17 05:16:36,0.0
2021-11-17 05:17:17,0.0
2021-11-17 05:17:57,0.0
2021-11-17 05:18:37,0.0
2021-11-17 05:19:17,0.0
2021-11-17 05:19:57,0.0
2021-11-17 05:20:37,0.0
2021-11-17 05:21:18,0.0
2021-11-17 05:21:58,0.0
2021-11-17 05:22:38,0.0
2021-11-17 05:23:18,0.0
2021-11-17 05:23:58,0.0
2021-11-17 05:24:38,0.0
2021-11-17 05:25:19,0.0
2021-11-17 05:25:59,0.0
2021-11-17 05:26:39,0.0
2021-11-17 05:27:19,0.0
2021-11-17 05:27:59,0.0
2021-11-17 05:28:39,0.0
2021-11-17 05:29:20,0.0
2021-11-17 05:30:00,0.0
2021-11-17 05:30:40,0.0
2021-11-17 05:31:20,0.0
2021-11-17 05:32:00,0.0
2021-11-17 05:32:40,0.0
2021-11-17 05:33:21,0.0
2021-11-17 05:34:01,0.0
2021-11-17 05:34:41,0.0
2021-11-17 05:35:21,0.0
2021-11-17 05:36:01,0.0
2021-11-17 05:36:42,0.0
2021-11-17 05:37:22,0.0
2021-11-17 05:38:02,0.0
2021-11-17 05:38:42,0.0
2021-11-17 05:39:22,0.0
2021-11-17 05:40:03,0.0
2021-11-17 05:40:43,0.0
2021-11-17 05:41:23,0.0
2021-11-17 05:42:03,0.0
2021-11-17 05:42:44,0.0
2021-11-17 05:43:24,0.0
2021-11-17 05:44:04,0.0
2021-11-17 05:44:44,0.0
2021-11-17 05:45:25,0.0
2021-11-17 05:46:05,0.0
2021-11-17 05:46:45,0.0
2021-11-17 05:47:25,0.0
2021-11-17 05:48:05,0.0
2021-11-17 05:48:45,0.0
2021-11-17 05:49:26,0.0
2021-11-17 05:50:06,0.0
2021-11-17 05:50:46,0.0
2021-11-17 05:51:26,0.0
2021-11-17 05:52:06,0.0
2021-11-17 05:52:46,0.0
2021-11-17 05:53:27,0.0
2021-11-17 05:54:07,0.0
2021-11-17 05:54:47,0.0
2021-11-17 05:55:27,0.0
2021-11-17 05:56:07,0.0
2021-11-17 05:56:48,0.0
2021-11-17 05:57:28,0.0
2021-11-17 05:58:08,0.0
2021-11-17 05:58:48,0.0
2021-11-17 05:59:28,0.0
2021-11-17 06:00:08,0.0
2021-11-17 06:00:49,0.0
2021-11-17 06:01:29,0.0
2021-11-17 06:02:09,0.0
2021-11-17 06:02:49,0.0
2021-11-17 06:03:29,0.0
2021-11-17 06:04:09,0.0
2021-11-17 06:04:50,0.0
2021-11-17 06:05:30,0.0
2021-11-17 06:06:10,0.0
2021-11-17 06:06:50,0.0
2021-11-17 06:07:30,0.0
2021-11-17 06:08:10,0.0
2021-11-17 06:08:51,0.0
2021-11-17 06:09:31,0.0
2021-11-17 06:10:11,0.0
2021-11-17 06:10:51,0.0
2021-11-17 06:11:31,0.0
2021-11-17 06:12:12,0.0
2021-11-17 06:12:52,0.0
2021-11-17 06:13:32,0.0
2021-11-17 06:14:12,0.0
2021-11-17 06:14:52,0.0
2021-11-17 06:15:32,0.0
2021-11-17 06:16:13,0.0
2021-11-17 06:16:53,0.0
2021-11-17 06:17:33,0.0
2021-11-17 06:18:13,0.0
2021-11-17 06:18:53,0.0
2021-11-17 06:19:34,0.0
2021-11-17 06:20:14,0.0
2021-11-17 06:20:54,0.0
2021-11-17 06:21:34,0.0
2021-11-17 06:22:15,0.0
2021-11-17 06:22:55,0.0
2021-11-17 06:23:35,0.0
2021-11-17 06:24:15,0.0
2021-11-17 06:24:55,0.0
2021-11-17 06:25:35,0.0
2021-11-17 06:26:16,0.0
2021-11-17 06:26:56,0.0
2021-11-17 06:27:36,0.0
2021-11-17 06:28:16,0.0
2021-11-17 06:28:56,0.0
2021-11-17 06:29:37,0.0
2021-11-17 06:30:17,0.0
2021-11-17 06:30:57,0.0
2021-11-17 06:31:37,0.0
2021-11-17 06:32:17,0.0
2021-11-17 06:32:58,0.0
2021-11-17 06:33:38,0.0
2021-11-17 06:34:18,0.0
2021-11-17 06:34:58,0.0
2021-11-17 06:35:38,0.0
2021-11-17 06:36:18,0.0
2021-11-17 06:36:59,0.0
2021-11-17 06:37:39,0.0
2021-11-17 06:38:19,0.0
2021-11-17 06:38:59,0.0
2021-11-17 06:39:39,0.0
2021-11-17 06:40:19,0.0
2021-11-17 06:41:00,0.0
2021-11-17 06:41:40,0.0
2021-11-17 06:42:20,0.0
2021-11-17 06:43:00,0.0
2021-11-17 06:43:41,0.0
2021-11-17 06:44:21,0.0
2021-11-17 06:45:01,0.0
2021-11-17 06:45:41,0.0
2021-11-17 06:46:21,0.0
2021-11-17 06:47:01,0.0
2021-11-17 06:47:42,0.0
2021-11-17 06:48:22,0.0
2021-11-17 06:49:02,0.0
2021-11-17 06:49:42,0.0
2021-11-17 06:50:22,0.0
2021-11-17 06:51:02,0.0
2021-11-17 06:51:42,0.0
2021-11-17 06:52:23,0.0
2021-11-17 06:53:03,0.0
2021-11-17 06:53:43,0.0
2021-11-17 06:54:23,0.0
2021-11-17 06:55:03,0.0
2021-11-17 06:55:44,0.0
2021-11-17 06:56:24,0.0
2021-11-17 06:57:04,0.0
2021-11-17 06:57:44,0.0
2021-11-17 06:58:24,0.0
2021-11-17 06:59:05,0.0
2021-11-17 06:59:45,0.0
2021-11-17 07:00:25,0.0
2021-11-17 07:01:05,0.0
2021-11-17 07:01:45,0.0
2021-11-17 07:02:26,0.0
2021-11-17 07:03:06,0.0
2021-11-17 07:03:46,0.0
2021-11-17 07:04:26,0.0
2021-11-17 07:05:06,0.0
2021-11-17 07:05:46,0.0
2021-11-17 07:06:26,0.0
2021-11-17 07:07:07,0.0
2021-11-17 07:07:47,0.0
2021-11-17 07:08:27,0.0
2021-11-17 07:09:07,0.0
2021-11-17 07:09:48,0.0
2021-11-17 07:10:28,0.0
2021-11-17 07:11:08,0.0
2021-11-17 07:11:48,0.0
2021-11-17 07:12:28,0.0
2021-11-17 07:13:08,0.0
2021-11-17 07:13:49,0.0
2021-11-17 07:14:29,0.0
2021-11-17 07:15:09,0.0
2021-11-17 07:15:49,0.0
2021-11-17 07:16:29,0.0
2021-11-17 07:17:09,0.0
2021-11-17 07:17:50,0.0
2021-11-17 07:18:30,0.0
2021-11-17 07:19:10,0.0
2021-11-17 07:19:50,0.0
2021-11-17 07:20:30,0.0
2021-11-17 07:21:11,0.0
2021-11-17 07:21:51,0.0
2021-11-17 07:22:31,0.0
2021-11-17 07:23:11,0.0
2021-11-17 07:23:51,0.0
2021-11-17 07:24:31,0.0
2021-11-17 07:25:12,0.0
2021-11-17 07:25:52,0.0
2021-11-17 07:26:32,0.0
2021-11-17 07:27:12,0.0
2021-11-17 07:27:52,0.0
2021-11-17 07:28:33,0.0
2021-11-17 07:29:13,0.0
2021-11-17 07:29:53,0.0
2021-11-17 07:30:33,0.0
2021-11-17 07:31:13,0.0
2021-11-17 07:31:53,0.0
2021-11-17 07:32:33,0.0
2021-11-17 07:33:14,0.0
2021-11-17 07:33:54,0.0
2021-11-17 07:34:34,0.0
2021-11-17 07:35:14,0.0
2021-11-17 07:35:54,0.0
2021-11-17 07:36:35,0.0
2021-11-17 07:37:15,0.0
2021-11-17 07:37:55,0.0
2021-11-17 07:38:35,0.0
2021-11-17 07:39:15,0.0
2021-11-17 07:39:56,0.0
2021-11-17 07:40:36,0.0
2021-11-17 07:41:16,0.0
2021-11-17 07:41:56,0.0
2021-11-17 07:42:36,0.0
2021-11-17 07:43:17,0.0
2021-11-17 07:43:57,0.0
2021-11-17 07:44:37,0.0
2021-11-17 07:45:17,0.0
2021-11-17 07:45:57,0.0
2021-11-17 07:46:37,0.0
2021-11-17 07:47:17,0.0
2021-11-17 07:47:58,0.0
2021-11-17 07:48:38,0.0
2021-11-17 07:49:18,0.0
2021-11-17 07:49:58,0.0
2021-11-17 07:50:38,0.0
2021-11-17 07:51:19,0.0
2021-11-17 07:51:59,0.0
2021-11-17 07:52:39,0.0
2021-11-17 07:53:19,0.0
2021-11-17 07:53:59,0.0
2021-11-17 07:54:40,0.0
2021-11-17 07:55:20,0.0
2021-11-17 07:56:00,0.0
2021-11-17 07:56:40,0.0
2021-11-17 07:57:20,0.0
2021-11-17 07:58:01,0.0
2021-11-17 07:58:41,0.0
2021-11-17 07:59:21,0.0
2021-11-17 08:00:01,0.0
2021-11-17 08:00:41,0.0
2021-11-17 08:01:22,0.0
2021-11-17 08:02:02,0.0
2021-11-17 08:02:42,0.0
2021-11-17 08:03:22,0.0
2021-11-17 08:04:02,0.0
2021-11-17 08:04:43,0.0
2021-11-17 08:05:23,0.0
2021-11-17 08:06:03,0.0
2021-11-17 08:06:43,0.0
2021-11-17 08:07:23,0.0
2021-11-17 08:08:03,0.0
2021-11-17 08:08:44,0.0
2021-11-17 08:09:24,0.0
2021-11-17 08:10:04,0.0
2021-11-17 08:10:44,0.0
2021-11-17 08:11:24,0.0
2021-11-17 08:12:05,0.0
2021-11-17 08:12:45,0.0
2021-11-17 08:13:25,0.0
2021-11-17 08:14:05,0.0
2021-11-17 08:14:45,0.0
2021-11-17 08:15:25,0.0
2021-11-17 08:16:06,0.0
2021-11-17 08:16:46,0.0
2021-11-17 08:17:26,0.0
2021-11-17 08:18:06,0.0
2021-11-17 08:18:46,0.0
2021-11-17 08:19:27,0.0
2021-11-17 08:20:07,0.0
2021-11-17 08:20:47,0.0
2021-11-17 08:21:27,0.0
2021-11-17 08:22:07,0.0
2021-11-17 08:22:47,0.0
2021-11-17 08:23:28,0.0
2021-11-17 08:24:08,0.0
2021-11-17 08:24:48,0.0
2021-11-17 08:25:28,0.0
2021-11-17 08:26:08,0.0
2021-11-17 08:26:48,0.0
2021-11-17 08:27:29,0.0
2021-11-17 08:28:09,0.0
2021-11-17 08:28:49,0.0
2021-11-17 08:29:29,0.0
2021-11-17 08:30:09,0.0
2021-11-17 08:30:49,0.0
2021-11-17 08:31:30,0.0
2021-11-17 08:32:10,0.0
2021-11-17 08:32:50,0.0
2021-11-17 08:33:30,0.0
2021-11-17 08:34:10,0.0
2021-11-17 08:34:51,0.0
2021-11-17 08:35:31,0.0
2021-11-17 08:36:11,0.0
2021-11-17 08:36:51,0.0
2021-11-17 08:37:31,0.0
2021-11-17 08:38:11,0.0
2021-11-17 08:38:52,0.0
2021-11-17 08:39:32,0.0
2021-11-17 08:40:12,0.0
2021-11-17 08:40:52,0.0
2021-11-17 08:41:32,0.0
2021-11-17 08:42:12,0.0
2021-11-17 08:42:53,0.0
2021-11-17 08:43:33,0.0
2021-11-17 08:44:13,0.0
2021-11-17 08:44:53,0.0
2021-11-17 08:45:33,0.0
2021-11-17 08:46:13,0.0
2021-11-17 08:46:54,0.0
2021-11-17 08:47:34,0.0
2021-11-17 08:48:14,0.0
2021-11-17 08:48:54,0.0
2021-11-17 08:49:34,0.0
2021-11-17 08:50:14,0.0
2021-11-17 08:50:55,0.0
2021-11-17 08:51:35,0.0
2021-11-17 08:52:15,0.0
2021-11-17 08:52:55,0.0
2021-11-17 08:53:35,0.0
2021-11-17 08:54:16,0.0
2021-11-17 08:54:56,0.0
2021-11-17 08:55:36,0.0
2021-11-17 08:56:16,0.0
2021-11-17 08:56:56,0.0
2021-11-17 08:57:37,0.0
2021-11-17 08:58:17,0.0
2021-11-17 08:58:57,0.0
2021-11-17 08:59:37,0.0
2021-11-17 09:00:17,0.0
2021-11-17 09:00:57,0.0
2021-11-17 09:01:38,0.0
2021-11-17 09:02:18,0.0
2021-11-17 09:02:58,0.0
2021-11-17 09:03:38,0.0
2021-11-17 09:04:18,0.0
2021-11-17 09:04:58,0.0
2021-11-17 09:05:39,0.0
2021-11-17 09:06:19,0.0
2021-11-17 09:06:59,0.0
2021-11-17 09:07:39,0.0
2021-11-17 09:08:19,0.0
2021-11-17 09:08:59,0.0
2021-11-17 09:09:39,0.0
2021-11-17 09:10:20,0.0
2021-11-17 09:11:00,0.0
2021-11-17 09:11:40,0.0
2021-11-17 09:12:20,0.0
2021-11-17 09:13:00,0.0
2021-11-17 09:13:40,0.0
2021-11-17 09:14:20,0.0
2021-11-17 09:15:01,0.0
2021-11-17 09:15:41,0.0
2021-11-17 09:16:21,0.0
2021-11-17 09:17:01,0.0
2021-11-17 09:17:41,0.0
2021-11-17 09:18:21,0.0
2021-11-17 09:19:01,0.0
2021-11-17 09:19:42,0.0
2021-11-17 09:20:22,0.0
2021-11-17 09:21:02,0.0
2021-11-17 09:21:42,0.0
2021-11-17 09:22:22,0.0
2021-11-17 09:23:03,0.0
2021-11-17 09:23:43,0.0
2021-11-17 09:24:23,0.0
2021-11-17 09:25:03,0.0
2021-11-17 09:25:43,0.0
2021-11-17 09:26:24,0.0
2021-11-17 09:27:04,0.0
2021-11-17 09:27:44,0.0
2021-11-17 09:28:24,0.0
2021-11-17 09:29:04,0.0
2021-11-17 09:29:45,0.0
2021-11-17 09:30:25,0.0
2021-11-17 09:31:05,0.0
2021-11-17 09:31:45,0.0
2021-11-17 09:32:25,0.0
2021-11-17 09:33:05,0.0
2021-11-17 09:33:46,0.0
2021-11-17 09:34:26,0.0
2021-11-17 09:35:06,0.0
2021-11-17 09:35:46,0.0
2021-11-17 09:36:27,0.0
2021-11-17 09:37:07,0.0
2021-11-17 09:37:47,0.0
2021-11-17 09:38:27,0.0
2021-11-17 09:39:07,0.0
2021-11-17 09:39:47,0.0
2021-11-17 09:40:28,0.0
2021-11-17 09:41:08,0.0
2021-11-17 09:41:48,0.0
2021-11-17 09:42:28,0.0
2021-11-17 09:43:08,0.0
2021-11-17 09:43:49,0.0
2021-11-17 09:44:29,0.0
2021-11-17 09:45:09,0.0
2021-11-17 09:45:49,0.0
2021-11-17 09:46:29,0.0
2021-11-17 09:47:09,0.0
2021-11-17 09:47:50,0.0
2021-11-17 09:48:30,0.0
2021-11-17 09:49:10,0.0
2021-11-17 09:49:50,0.0
2021-11-17 09:50:30,0.0
2021-11-17 09:51:10,0.0
2021-11-17 09:51:51,0.0
2021-11-17 09:52:31,0.0
2021-11-17 09:53:11,0.0
2021-11-17 09:53:51,0.0
2021-11-17 09:54:31,0.0
2021-11-17 09:55:11,0.0
2021-11-17 09:55:52,0.0
2021-11-17 09:56:32,0.0
2021-11-17 09:57:12,0.0
2021-11-17 09:57:52,0.0
2021-11-17 09:58:32,0.0
2021-11-17 09:59:13,0.0
2021-11-17 09:59:53,0.0
2021-11-17 10:00:33,0.0
2021-11-17 10:01:13,0.0
2021-11-17 10:01:53,0.0
2021-11-17 10:02:33,0.0
2021-11-17 10:03:14,0.0
2021-11-17 10:03:54,0.0
2021-11-17 10:04:34,0.0
2021-11-17 10:05:14,0.0
2021-11-17 10:05:54,0.0
2021-11-17 10:06:35,0.0
2021-11-17 10:07:15,0.0
2021-11-17 10:07:55,0.0
2021-11-17 10:08:35,0.0
2021-11-17 10:09:15,0.0
2021-11-17 10:09:55,0.0
2021-11-17 10:10:36,0.0
2021-11-17 10:11:16,0.0
2021-11-17 10:11:56,0.0
2021-11-17 10:12:36,0.0
2021-11-17 10:13:16,0.0
2021-11-17 10:13:57,0.0
2021-11-17 10:14:37,0.0
2021-11-17 10:15:17,0.0
2021-11-17 10:15:57,0.0
2021-11-17 10:16:37,0.0
2021-11-17 10:17:18,0.0
2021-11-17 10:17:58,0.0
2021-11-17 10:18:38,0.0
2021-11-17 10:19:18,0.0
2021-11-17 10:19:58,0.0
2021-11-17 10:20:39,0.0
2021-11-17 10:21:19,0.0
2021-11-17 10:21:59,0.0
2021-11-17 10:22:39,0.0
2021-11-17 10:23:19,0.0
2021-11-17 10:23:59,0.0
2021-11-17 10:24:40,0.0
2021-11-17 10:25:20,0.0
2021-11-17 10:26:00,0.0
2021-11-17 10:26:40,0.0
2021-11-17 10:27:20,0.0
2021-11-17 10:28:00,0.0
2021-11-17 10:28:41,0.0
2021-11-17 10:29:21,0.0
2021-11-17 10:30:01,0.0
2021-11-17 10:30:41,0.0
2021-11-17 10:31:21,0.0
2021-11-17 10:32:01,0.0
2021-11-17 10:32:42,0.0
2021-11-17 10:33:22,0.0
2021-11-17 10:34:02,0.0
2021-11-17 10:34:42,0.0
2021-11-17 10:35:22,0.0
2021-11-17 10:36:02,0.0
2021-11-17 10:36:43,0.0
2021-11-17 10:37:23,0.0
2021-11-17 10:38:03,0.0
2021-11-17 10:38:43,0.0
2021-11-17 10:39:23,0.0
2021-11-17 10:40:04,0.0
2021-11-17 10:40:44,0.0
2021-11-17 10:41:24,0.0
2021-11-17 10:42:04,0.0
2021-11-17 10:42:44,0.0
2021-11-17 10:43:24,0.0
2021-11-17 10:44:04,0.0
2021-11-17 10:44:45,0.0
2021-11-17 10:45:25,0.0
2021-11-17 10:46:05,0.0
2021-11-17 10:46:45,0.0
2021-11-17 10:47:25,0.0
2021-11-17 10:48:05,0.0
2021-11-17 10:48:46,0.0
2021-11-17 10:49:26,0.0
2021-11-17 10:50:06,0.0
2021-11-17 10:50:46,0.0
2021-11-17 10:51:26,0.0
2021-11-17 10:52:07,0.0
2021-11-17 10:52:47,0.0
2021-11-17 10:53:27,0.0
2021-11-17 10:54:07,0.0
2021-11-17 10:54:47,0.0
2021-11-17 10:55:27,0.0
2021-11-17 10:56:08,0.0
2021-11-17 10:56:48,0.0
2021-11-17 10:57:28,0.0
2021-11-17 10:58:08,0.0
2021-11-17 10:58:48,0.0
2021-11-17 10:59:29,0.0
2021-11-17 11:00:09,0.0
2021-11-17 11:00:49,0.0
2021-11-17 11:01:29,0.0
2021-11-17 11:02:09,0.0
2021-11-17 11:02:50,0.0
2021-11-17 11:03:30,0.0
2021-11-17 11:04:10,0.0
2021-11-17 11:04:50,0.0
2021-11-17 11:05:30,0.0
2021-11-17 11:06:10,0.0
2021-11-17 11:06:51,0.0
2021-11-17 11:07:31,0.0
2021-11-17 11:08:11,0.0
2021-11-17 11:08:51,0.0
2021-11-17 11:09:31,0.0
2021-11-17 11:10:11,0.0
2021-11-17 11:10:52,0.0
2021-11-17 11:11:32,0.0
2021-11-17 11:12:12,0.0
2021-11-17 11:12:52,0.0
2021-11-17 11:13:32,0.0
2021-11-17 11:14:12,0.0
2021-11-17 11:14:53,0.0
2021-11-17 11:15:33,0.0
2021-11-17 11:16:13,0.0
2021-11-17 11:16:53,0.0
2021-11-17 11:17:33,0.0
2021-11-17 11:18:13,0.0
2021-11-17 11:18:54,0.0
2021-11-17 11:19:34,0.0
2021-11-17 11:20:14,0.0
2021-11-17 11:20:54,0.0
2021-11-17 11:21:34,0.0
2021-11-17 11:22:14,0.0
2021-11-17 11:22:55,0.0
2021-11-17 11:23:35,0.0
2021-11-17 11:24:15,0.0
2021-11-17 11:24:55,0.0
2021-11-17 11:25:35,0.0
2021-11-17 11:26:15,0.0
2021-11-17 11:26:56,0.0
2021-11-17 11:27:36,0.0
2021-11-17 11:28:16,0.0
2021-11-17 11:28:56,0.0
2021-11-17 11:29:36,0.0
2021-11-17 11:30:16,0.0
2021-11-17 11:30:57,0.0
2021-11-17 11:31:37,0.0
2021-11-17 11:32:17,0.0
2021-11-17 11:32:57,0.0
2021-11-17 11:33:37,0.0
2021-11-17 11:34:18,0.0
2021-11-17 11:34:58,0.0
2021-11-17 11:35:38,0.0
2021-11-17 11:36:18,0.0
2021-11-17 11:36:58,0.0
2021-11-17 11:37:39,0.0
2021-11-17 11:38:19,0.0
2021-11-17 11:38:59,0.0
2021-11-17 11:39:39,0.0
2021-11-17 11:40:19,0.0
2021-11-17 11:40:59,0.0
2021-11-17 11:41:39,0.0
2021-11-17 11:42:20,0.0
2021-11-17 11:43:00,0.0
2021-11-17 11:43:40,0.0
2021-11-17 11:44:20,0.0
2021-11-17 11:45:00,0.0
2021-11-17 11:45:40,0.0
2021-11-17 11:46:21,0.0
2021-11-17 11:47:01,0.0
2021-11-17 11:47:41,0.0
2021-11-17 11:48:21,0.0
2021-11-17 11:49:01,0.0
2021-11-17 11:49:42,0.0
2021-11-17 11:50:22,0.0
2021-11-17 11:51:02,0.0
2021-11-17 11:51:42,0.0
2021-11-17 11:52:22,0.0
2021-11-17 11:53:03,0.0
2021-11-17 11:53:43,0.0
2021-11-17 11:54:23,0.0
2021-11-17 11:55:03,0.0
2021-11-17 11:55:43,0.0
2021-11-17 11:56:24,0.0
2021-11-17 11:57:04,0.0
2021-11-17 11:57:44,0.0
2021-11-17 11:58:24,0.0
2021-11-17 11:59:04,0.0
2021-11-17 11:59:44,0.0
2021-11-17 12:00:24,0.0
2021-11-17 12:01:05,0.0
2021-11-17 12:01:45,0.0
2021-11-17 12:02:25,0.0
2021-11-17 12:03:05,0.0
2021-11-17 12:03:46,0.0
2021-11-17 12:04:26,0.0
2021-11-17 12:05:06,0.0
2021-11-17 12:05:46,0.0
2021-11-17 12:06:26,0.0
2021-11-17 12:07:07,0.0
2021-11-17 12:07:47,0.0
2021-11-17 12:08:27,0.0
2021-11-17 12:09:07,0.0
2021-11-17 12:09:47,0.0
2021-11-17 12:10:27,0.0
2021-11-17 12:11:08,0.0
2021-11-17 12:11:48,0.0
2021-11-17 12:12:28,0.0
2021-11-17 12:13:08,0.0
2021-11-17 12:13:48,0.0
2021-11-17 12:14:29,0.0
2021-11-17 12:15:09,0.0
2021-11-17 12:15:49,0.0
2021-11-17 12:16:29,0.0
2021-11-17 12:17:10,0.0
2021-11-17 12:17:50,0.0
2021-11-17 12:18:30,0.0
2021-11-17 12:19:10,0.0
2021-11-17 12:19:50,0.0
2021-11-17 12:20:30,0.0
2021-11-17 12:21:10,0.0
2021-11-17 12:21:51,0.0
2021-11-17 12:22:31,0.0
2021-11-17 12:23:11,0.0
2021-11-17 12:23:51,0.0
2021-11-17 12:24:31,0.0
2021-11-17 12:25:11,0.0
2021-11-17 12:25:52,0.0
2021-11-17 12:26:32,0.0
2021-11-17 12:27:12,0.0
2021-11-17 12:27:52,0.0
2021-11-17 12:28:32,0.0
2021-11-17 12:29:13,0.0
2021-11-17 12:29:53,0.0
2021-11-17 12:30:33,0.0
2021-11-17 12:31:13,0.0
2021-11-17 12:31:53,0.0
2021-11-17 12:32:34,0.0
2021-11-17 12:33:14,0.0
2021-11-17 12:33:54,0.0
2021-11-17 12:34:34,0.0
2021-11-17 12:35:14,0.0
2021-11-17 12:35:54,0.0
2021-11-17 12:36:35,0.0
2021-11-17 12:37:15,0.0
2021-11-17 12:37:55,0.0
2021-11-17 12:38:35,0.0
2021-11-17 12:39:15,0.0
2021-11-17 12:39:56,0.0
2021-11-17 12:40:36,0.0
2021-11-17 12:41:16,0.0
2021-11-17 12:41:56,0.0
2021-11-17 12:42:36,0.0
2021-11-17 12:43:16,0.0
2021-11-17 12:43:57,0.0
2021-11-17 12:44:37,0.0
2021-11-17 12:45:17,0.0
2021-11-17 12:45:57,0.0
2021-11-17 12:46:37,0.0
2021-11-17 12:47:18,0.0
2021-11-17 12:47:58,0.0
2021-11-17 12:48:38,0.0
2021-11-17 12:49:18,0.0
2021-11-17 12:49:58,0.0
2021-11-17 12:50:38,0.0
2021-11-17 12:51:19,0.0
2021-11-17 12:51:59,0.0
2021-11-17 12:52:39,0.0
2021-11-17 12:53:19,0.0
2021-11-17 12:54:00,0.0
2021-11-17 12:54:40,0.0
2021-11-17 12:55:20,0.0
2021-11-17 12:56:00,0.0
2021-11-17 12:56:40,0.0
2021-11-17 12:57:21,0.0
2021-11-17 12:58:01,0.0
2021-11-17 12:58:41,0.0
2021-11-17 12:59:21,0.0
2021-11-17 13:00:01,0.0
2021-11-17 13:00:41,0.0
2021-11-17 13:01:22,0.0
2021-11-17 13:02:02,0.0
2021-11-17 13:02:42,0.0
2021-11-17 13:03:22,0.0
2021-11-17 13:04:02,0.0
2021-11-17 13:04:42,0.0
2021-11-17 13:05:22,0.0
2021-11-17 13:06:03,0.0
2021-11-17 13:06:43,0.0
2021-11-17 13:07:23,0.0
2021-11-17 13:08:03,0.0
2021-11-17 13:08:43,0.0
2021-11-17 13:09:23,0.0
2021-11-17 13:10:03,0.0
2021-11-17 13:10:44,0.0
2021-11-17 13:11:24,0.0
2021-11-17 13:12:04,0.0
2021-11-17 13:12:44,0.0
2021-11-17 13:13:24,0.0
2021-11-17 13:14:04,0.0
2021-11-17 13:14:45,0.0
2021-11-17 13:15:25,0.0
2021-11-17 13:16:05,0.0
2021-11-17 13:16:45,0.0
2021-11-17 13:17:25,0.0
2021-11-17 13:18:05,0.0
2021-11-17 13:18:46,0.0
2021-11-17 13:19:26,0.0
2021-11-17 13:20:06,0.0
2021-11-17 13:20:46,0.0
2021-11-17 13:21:26,0.0
2021-11-17 13:22:07,0.0
2021-11-17 13:22:47,0.0
2021-11-17 13:23:27,0.0
2021-11-17 13:24:07,0.0
2021-11-17 13:24:47,0.0
2021-11-17 13:25:27,0.0
2021-11-17 13:26:08,0.0
2021-11-17 13:26:48,0.0
2021-11-17 13:27:28,0.0
2021-11-17 13:28:08,0.0
2021-11-17 13:28:48,0.0
2021-11-17 13:29:29,0.0
2021-11-17 13:30:09,0.0
2021-11-17 13:30:49,0.0
2021-11-17 13:31:29,0.0
2021-11-17 13:32:09,0.0
2021-11-17 13:32:49,0.0
2021-11-17 13:33:30,0.0
2021-11-17 13:34:10,0.0
2021-11-17 13:34:50,0.0
2021-11-17 13:35:30,0.0
2021-11-17 13:36:11,0.0
2021-11-17 13:36:51,0.0
2021-11-17 13:37:31,0.0
2021-11-17 13:38:11,0.0
2021-11-17 13:38:51,0.0
2021-11-17 13:39:31,0.0
2021-11-17 13:40:12,0.0
2021-11-17 13:40:52,0.0
2021-11-17 13:41:32,0.0
2021-11-17 13:42:12,0.0
2021-11-17 13:42:52,0.0
2021-11-17 13:43:33,0.0
2021-11-17 13:44:13,0.0
2021-11-17 13:44:53,0.0
2021-11-17 13:45:33,0.0
2021-11-17 13:46:13,0.0
2021-11-17 13:46:54,0.0
2021-11-17 13:47:34,0.0
2021-11-17 13:48:14,0.0
2021-11-17 13:48:54,0.0
2021-11-17 13:49:34,0.0
2021-11-17 13:50:14,0.0
2021-11-17 13:50:54,0.0
2021-11-17 13:51:35,0.0
2021-11-17 13:52:15,0.0
2021-11-17 13:52:55,0.0
2021-11-17 13:53:35,0.0
2021-11-17 13:54:15,0.0
2021-11-17 13:54:55,0.0
2021-11-17 13:55:36,0.0
2021-11-17 13:56:16,0.0
2021-11-17 13:56:56,0.0
2021-11-17 13:57:36,0.0
2021-11-17 13:58:16,0.0
2021-11-17 13:58:56,0.0
2021-11-17 13:59:36,0.0
2021-11-17 14:00:17,0.0
2021-11-17 14:00:57,0.0
2021-11-17 14:01:37,0.0
2021-11-17 14:02:17,0.0
2021-11-17 14:02:57,0.0
2021-11-17 14:03:38,0.0
2021-11-17 14:04:18,0.0
2021-11-17 14:04:58,0.0
2021-11-17 14:05:38,0.0
2021-11-17 14:06:18,0.0
2021-11-17 14:06:58,0.0
2021-11-17 14:07:39,0.0
2021-11-17 14:08:19,0.0
2021-11-17 14:08:59,0.0
2021-11-17 14:09:39,0.0
2021-11-17 14:10:19,0.0
2021-11-17 14:10:59,0.0
2021-11-17 14:11:39,0.0
2021-11-17 14:12:19,0.0
2021-11-17 14:12:59,0.0
2021-11-17 14:13:40,0.0
2021-11-17 14:14:20,0.0
2021-11-17 14:15:00,0.0
2021-11-17 14:15:40,0.0
2021-11-17 14:16:20,0.0
2021-11-17 14:17:00,0.0
2021-11-17 14:17:40,0.0
2021-11-17 14:18:21,0.0
2021-11-17 14:19:01,0.0
2021-11-17 14:19:41,0.0
2021-11-17 14:20:21,0.0
2021-11-17 14:21:01,0.0
2021-11-17 14:21:42,0.0
2021-11-17 14:22:22,0.0
2021-11-17 14:23:02,0.0
2021-11-17 14:23:42,0.0
2021-11-17 14:24:22,0.0
2021-11-17 14:25:02,0.0
2021-11-17 14:25:42,0.0
2021-11-17 14:26:23,0.0
2021-11-17 14:27:03,0.0
2021-11-17 14:27:43,0.0
2021-11-17 14:28:23,0.0
2021-11-17 14:29:03,0.0
2021-11-17 14:29:44,0.0
2021-11-17 14:30:24,0.0
2021-11-17 14:31:04,0.0
2021-11-17 14:31:44,0.0
2021-11-17 14:32:24,0.0
2021-11-17 14:33:04,0.0
2021-11-17 14:33:44,0.0
2021-11-17 14:34:24,0.0
2021-11-17 14:35:04,0.0
2021-11-17 14:35:44,0.0
2021-11-17 14:36:24,0.0
2021-11-17 14:37:04,0.0
2021-11-17 14:37:45,0.0
2021-11-17 14:38:25,0.0
2021-11-17 14:39:05,0.0
2021-11-17 14:39:45,0.0
2021-11-17 14:40:25,0.0
2021-11-17 14:41:05,0.0
2021-11-17 14:41:46,0.0
2021-11-17 14:42:26,0.0
2021-11-17 14:43:06,0.0
2021-11-17 14:43:46,0.0
2021-11-17 14:44:26,0.0
2021-11-17 14:45:06,0.0
2021-11-17 14:45:46,0.0
2021-11-17 14:46:27,0.0
2021-11-17 14:47:07,0.0
2021-11-17 14:47:47,0.0
2021-11-17 14:48:27,0.0
2021-11-17 14:49:07,0.0
2021-11-17 14:49:48,0.0
2021-11-17 14:50:28,0.0
2021-11-17 14:51:08,0.0
2021-11-17 14:51:48,0.0
2021-11-17 14:52:28,0.0
2021-11-17 14:53:08,0.0
2021-11-17 14:53:48,0.0
2021-11-17 14:54:29,0.0
2021-11-17 14:55:09,0.0
2021-11-17 14:55:49,0.0
2021-11-17 14:56:29,0.0
2021-11-17 14:57:09,0.0
2021-11-17 14:57:50,0.0
2021-11-17 14:58:30,0.0
2021-11-17 14:59:10,0.0
2021-11-17 14:59:50,0.0
2021-11-17 15:00:30,0.0
2021-11-17 15:01:10,0.0
2021-11-17 15:01:50,0.0
2021-11-17 15:02:31,0.0
2021-11-17 15:03:11,0.0
2021-11-17 15:03:51,0.0
2021-11-17 15:04:31,0.0
2021-11-17 15:05:11,0.0
2021-11-17 15:05:52,0.0
2021-11-17 15:06:32,0.0
2021-11-17 15:07:12,0.0
2021-11-17 15:07:52,0.0
2021-11-17 15:08:32,0.0
2021-11-17 15:09:12,0.0
2021-11-17 15:09:53,0.0
2021-11-17 15:10:33,0.0
2021-11-17 15:11:13,0.0
2021-11-17 15:11:53,0.0
2021-11-17 15:12:33,0.0
2021-11-17 15:13:13,0.0
2021-11-17 15:13:54,0.0
2021-11-17 15:14:34,0.0
2021-11-17 15:15:14,0.0
2021-11-17 15:15:54,0.0
2021-11-17 15:16:34,0.0
2021-11-17 15:17:15,0.0
2021-11-17 15:17:55,0.0
2021-11-17 15:18:35,0.0
2021-11-17 15:19:15,0.0
2021-11-17 15:19:55,0.0
2021-11-17 15:20:35,0.0
2021-11-17 15:21:16,0.0
2021-11-17 15:21:56,0.0
2021-11-17 15:22:36,0.0
2021-11-17 15:23:16,0.0
2021-11-17 15:23:56,0.0
2021-11-17 15:24:36,0.0
2021-11-17 15:25:17,0.0
2021-11-17 15:25:57,0.0
2021-11-17 15:26:37,0.0
2021-11-17 15:27:17,0.0
2021-11-17 15:27:57,0.0
2021-11-17 15:28:37,0.0
2021-11-17 15:29:17,0.0
2021-11-17 15:29:58,0.0
2021-11-17 15:30:38,0.0
2021-11-17 15:31:18,0.0
2021-11-17 15:31:58,0.0
2021-11-17 15:32:38,0.0
2021-11-17 15:33:19,0.0
2021-11-17 15:33:59,0.0
2021-11-17 15:34:39,0.0
2021-11-17 15:35:19,0.0
2021-11-17 15:35:59,0.0
2021-11-17 15:36:39,0.0
2021-11-17 15:37:20,0.0
2021-11-17 15:38:00,0.0
2021-11-17 15:38:40,0.0
2021-11-17 15:39:20,0.0
2021-11-17 15:40:00,0.0
2021-11-17 15:40:40,0.0
2021-11-17 15:41:20,0.0
2021-11-17 15:42:00,0.0
2021-11-17 15:42:40,0.0
2021-11-17 15:43:21,0.0
2021-11-17 15:44:01,0.0
2021-11-17 15:44:41,0.0
2021-11-17 15:45:21,0.0
2021-11-17 15:46:02,0.0
2021-11-17 15:46:42,0.0
2021-11-17 15:47:22,0.0
2021-11-17 15:48:02,0.0
2021-11-17 15:48:42,0.0
2021-11-17 15:49:22,0.0
2021-11-17 15:50:02,0.0
2021-11-17 15:50:43,0.0
2021-11-17 15:51:23,0.0
2021-11-17 15:52:03,0.0
2021-11-17 15:52:43,0.0
2021-11-17 15:53:23,0.0
2021-11-17 15:54:03,0.0
2021-11-17 15:54:44,0.0
2021-11-17 15:55:24,0.0
2021-11-17 15:56:04,0.0
2021-11-17 15:56:44,0.0
2021-11-17 15:57:24,0.0
2021-11-17 15:58:04,0.0
2021-11-17 15:58:44,0.0
2021-11-17 15:59:25,0.0
2021-11-17 16:00:05,0.0
2021-11-17 16:00:45,0.0
2021-11-17 16:01:25,0.0
2021-11-17 16:02:05,0.0
2021-11-17 16:02:45,0.0
2021-11-17 16:03:25,0.0
2021-11-17 16:04:06,0.0
2021-11-17 16:04:46,0.0
2021-11-17 16:05:26,0.0
2021-11-17 16:06:06,0.0
2021-11-17 16:06:46,0.0
2021-11-17 16:07:27,0.0
2021-11-17 16:08:07,0.0
2021-11-17 16:08:47,0.0
2021-11-17 16:09:27,0.0
2021-11-17 16:10:07,0.0
2021-11-17 16:10:47,0.0
2021-11-17 16:11:27,0.0
2021-11-17 16:12:08,0.0
2021-11-17 16:12:48,0.0
2021-11-17 16:13:28,0.0
2021-11-17 16:14:08,0.0
2021-11-17 16:14:48,0.0
2021-11-17 16:15:28,0.0
2021-11-17 16:16:08,0.0
2021-11-17 16:16:48,0.0
2021-11-17 16:17:29,0.0
2021-11-17 16:18:09,0.0
2021-11-17 16:18:49,0.0
2021-11-17 16:19:29,0.0
2021-11-17 16:20:09,0.0
2021-11-17 16:20:49,0.0
2021-11-17 16:21:29,0.0
2021-11-17 16:22:10,0.0
2021-11-17 16:22:50,0.0
2021-11-17 16:23:30,0.0
2021-11-17 16:24:10,0.0
2021-11-17 16:24:50,0.0
2021-11-17 16:25:31,0.0
2021-11-17 16:26:11,0.0
2021-11-17 16:26:51,0.0
2021-11-17 16:27:31,0.0
2021-11-17 16:28:11,0.0
2021-11-17 16:28:51,0.0
2021-11-17 16:29:32,0.0
2021-11-17 16:30:12,0.0
2021-11-17 16:30:52,0.0
2021-11-17 16:31:32,0.0
2021-11-17 16:32:12,0.0
2021-11-17 16:32:53,0.0
2021-11-17 16:33:33,0.0
2021-11-17 16:34:13,0.0
2021-11-17 16:34:53,0.0
2021-11-17 16:35:33,0.0
2021-11-17 16:36:13,0.0
2021-11-17 16:36:53,0.0
2021-11-17 16:37:34,0.0
2021-11-17 16:38:14,0.0
2021-11-17 16:38:54,0.0
2021-11-17 16:39:34,0.0
2021-11-17 16:40:15,0.0
2021-11-17 16:40:55,0.0
2021-11-17 16:41:35,0.0
2021-11-17 16:42:15,0.0
2021-11-17 16:42:55,0.0
2021-11-17 16:43:35,0.0
2021-11-17 16:44:15,0.0
2021-11-17 16:44:56,0.0
2021-11-17 16:45:36,0.0
2021-11-17 16:46:16,0.0
2021-11-17 16:46:56,0.0
2021-11-17 16:47:36,0.0
2021-11-17 16:48:17,0.0
2021-11-17 16:48:57,0.0
2021-11-17 16:49:37,0.0
2021-11-17 16:50:17,0.0
2021-11-17 16:50:57,0.0
2021-11-17 16:51:37,0.0
2021-11-17 16:52:17,0.0
2021-11-17 16:52:57,0.0
2021-11-17 16:53:38,0.0
2021-11-17 16:54:18,0.0
2021-11-17 16:54:58,0.0
2021-11-17 16:55:38,0.0
2021-11-17 16:56:18,0.0
2021-11-17 16:56:59,0.0
2021-11-17 16:57:39,0.0
2021-11-17 16:58:19,0.0
2021-11-17 16:58:59,0.0
2021-11-17 16:59:39,0.0
2021-11-17 17:00:19,0.0
2021-11-17 17:00:59,0.0
2021-11-17 17:01:40,0.0
2021-11-17 17:02:20,0.0
2021-11-17 17:03:00,0.0
2021-11-17 17:03:40,0.0
2021-11-17 17:04:21,0.0
2021-11-17 17:05:01,0.0
2021-11-17 17:05:41,0.0
2021-11-17 17:06:21,0.0
2021-11-17 17:07:01,0.0
2021-11-17 17:07:41,0.0
2021-11-17 17:08:21,0.0
2021-11-17 17:09:02,0.0
2021-11-17 17:09:42,0.0
2021-11-17 17:10:22,0.0
2021-11-17 17:11:02,0.0
2021-11-17 17:11:42,0.0
2021-11-17 17:12:23,0.0
2021-11-17 17:13:03,0.0
2021-11-17 17:13:43,0.0
2021-11-17 17:14:23,0.0
2021-11-17 17:15:03,0.0
2021-11-17 17:15:44,0.0
2021-11-17 17:16:24,0.0
2021-11-17 17:17:04,0.0
2021-11-17 17:17:44,0.0
2021-11-17 17:18:24,0.0
2021-11-17 17:19:04,0.0
2021-11-17 17:19:44,0.0
2021-11-17 17:20:25,0.0
2021-11-17 17:21:05,0.0
2021-11-17 17:21:45,0.0
2021-11-17 17:22:25,0.0
2021-11-17 17:23:06,0.0
2021-11-17 17:23:46,0.0
2021-11-17 17:24:26,0.0
2021-11-17 17:25:06,0.0
2021-11-17 17:25:46,0.0
2021-11-17 17:26:26,0.0
2021-11-17 17:27:06,0.0
2021-11-17 17:27:47,0.0
2021-11-17 17:28:27,0.0
2021-11-17 17:29:07,0.0
2021-11-17 17:29:47,0.0
2021-11-17 17:30:27,0.0
2021-11-17 17:31:07,0.0
2021-11-17 17:31:48,0.0
2021-11-17 17:32:28,0.0
2021-11-17 17:33:08,0.0
2021-11-17 17:33:48,0.0
2021-11-17 17:34:28,0.0
2021-11-17 17:35:09,0.0
2021-11-17 17:35:49,0.0
2021-11-17 17:36:29,0.0
2021-11-17 17:37:09,0.0
2021-11-17 17:37:49,0.0
2021-11-17 17:38:29,0.0
2021-11-17 17:39:10,0.0
2021-11-17 17:39:50,0.0
2021-11-17 17:40:30,0.0
2021-11-17 17:41:10,0.0
2021-11-17 17:41:50,0.0
2021-11-17 17:42:30,0.0
2021-11-17 17:43:11,0.0
2021-11-17 17:43:51,0.0
2021-11-17 17:44:31,0.0
2021-11-17 17:45:11,0.0
2021-11-17 17:45:51,0.0
2021-11-17 17:46:31,0.0
2021-11-17 17:47:12,0.0
2021-11-17 17:47:52,0.0
2021-11-17 17:48:32,0.0
2021-11-17 17:49:12,0.0
2021-11-17 17:49:53,0.0
2021-11-17 17:50:33,0.0
2021-11-17 17:51:13,0.0
2021-11-17 17:51:53,0.0
2021-11-17 17:52:33,0.0
2021-11-17 17:53:13,0.0
2021-11-17 17:53:53,0.0
2021-11-17 17:54:34,0.0
2021-11-17 17:55:14,0.0
2021-11-17 17:55:54,0.0
2021-11-17 17:56:34,0.0
2021-11-17 17:57:14,0.0
2021-11-17 17:57:54,0.0
2021-11-17 17:58:35,0.0
2021-11-17 17:59:15,0.0
2021-11-17 17:59:55,0.0
2021-11-17 18:00:35,0.0
2021-11-17 18:01:15,0.0
2021-11-17 18:01:56,0.0
2021-11-17 18:02:36,0.0
2021-11-17 18:03:16,0.0
2021-11-17 18:03:56,0.0
2021-11-17 18:04:36,0.0
2021-11-17 18:05:17,0.0
2021-11-17 18:05:57,0.0
2021-11-17 18:06:37,0.0
2021-11-17 18:07:17,0.0
2021-11-17 18:07:57,0.0
2021-11-17 18:08:37,0.0
2021-11-17 18:09:17,0.0
2021-11-17 18:09:58,0.0
2021-11-17 18:10:38,0.0
2021-11-17 18:11:18,0.0
2021-11-17 18:11:58,0.0
2021-11-17 18:12:38,0.0
2021-11-17 18:13:18,0.0
2021-11-17 18:13:59,0.0
2021-11-17 18:14:39,0.0
2021-11-17 18:15:19,0.0
2021-11-17 18:15:59,0.0
2021-11-17 18:16:39,0.0
2021-11-17 18:17:20,0.0
2021-11-17 18:18:00,0.0
2021-11-17 18:18:40,0.0
2021-11-17 18:19:20,0.0
2021-11-17 18:20:00,0.0
2021-11-17 18:20:41,0.0
2021-11-17 18:21:21,0.0
2021-11-17 18:22:01,0.0
2021-11-17 18:22:41,0.0
2021-11-17 18:23:21,0.0
2021-11-17 18:24:01,0.0
2021-11-17 18:24:42,0.0
2021-11-17 18:25:22,0.0
2021-11-17 18:26:02,0.0
2021-11-17 18:26:42,0.0
2021-11-17 18:27:22,0.0
2021-11-17 18:28:02,0.0
2021-11-17 18:28:43,0.0
2021-11-17 18:29:23,0.0
2021-11-17 18:30:03,0.0
2021-11-17 18:30:44,0.0
2021-11-17 18:31:24,0.0
2021-11-17 18:32:04,0.0
2021-11-17 18:32:44,0.0
2021-11-17 18:33:24,0.0
2021-11-17 18:34:04,0.0
2021-11-17 18:34:44,0.0
2021-11-17 18:35:24,0.0
2021-11-17 18:36:05,0.0
2021-11-17 18:36:45,0.0
2021-11-17 18:37:25,0.0
2021-11-17 18:38:05,0.0
2021-11-17 18:38:45,0.0
2021-11-17 18:39:25,0.0
2021-11-17 18:40:05,0.0
2021-11-17 18:40:45,0.0
2021-11-17 18:41:26,0.0
2021-11-17 18:42:06,0.0
2021-11-17 18:42:46,0.0
2021-11-17 18:43:26,0.0
2021-11-17 18:44:06,0.0
2021-11-17 18:44:46,0.0
2021-11-17 18:45:26,0.0
2021-11-17 18:46:07,0.0
2021-11-17 18:46:47,0.0
2021-11-17 18:47:27,0.0
2021-11-17 18:48:07,0.0
2021-11-17 18:48:47,0.0
2021-11-17 18:49:27,0.0
2021-11-17 18:50:07,0.0
2021-11-17 18:50:48,0.0
2021-11-17 18:51:28,0.0
2021-11-17 18:52:08,0.0
2021-11-17 18:52:48,0.0
2021-11-17 18:53:28,0.0
2021-11-17 18:54:09,0.0
2021-11-17 18:54:49,0.0
2021-11-17 18:55:29,0.0
2021-11-17 18:56:09,0.0
2021-11-17 18:56:49,0.0
2021-11-17 18:57:29,0.0
2021-11-17 18:58:10,0.0
2021-11-17 18:58:50,0.0
2021-11-17 18:59:30,0.0
2021-11-17 19:00:10,0.0
2021-11-17 19:00:50,0.0
2021-11-17 19:01:31,0.0
2021-11-17 19:02:11,0.0
2021-11-17 19:02:51,0.0
2021-11-17 19:03:31,0.0
2021-11-17 19:04:11,0.0
2021-11-17 19:04:52,0.0
2021-11-17 19:05:32,0.0
2021-11-17 19:06:12,0.0
2021-11-17 19:06:52,0.0
2021-11-17 19:07:32,0.0
2021-11-17 19:08:12,0.0
2021-11-17 19:08:53,0.0
2021-11-17 19:09:33,0.0
2021-11-17 19:10:13,0.0
2021-11-17 19:10:53,0.0
2021-11-17 19:11:33,0.0
2021-11-17 19:12:13,0.0
2021-11-17 19:12:55,0.0
2021-11-17 19:13:35,0.0
2021-11-17 19:14:15,0.0
2021-11-17 19:14:55,0.0
2021-11-17 19:15:35,0.0
2021-11-17 19:16:15,0.0
2021-11-17 19:16:56,0.0
2021-11-17 19:17:36,0.0
2021-11-17 19:18:16,0.0
2021-11-17 19:18:56,0.0
2021-11-17 19:19:36,0.0
2021-11-17 19:20:17,0.0
2021-11-17 19:20:57,0.0
2021-11-17 19:21:37,0.0
2021-11-17 19:22:17,0.0
2021-11-17 19:22:57,0.0
2021-11-17 19:23:38,0.0
2021-11-17 19:24:18,0.0
2021-11-17 19:24:58,0.0
2021-11-17 19:25:38,0.0
2021-11-17 19:26:18,0.0
2021-11-17 19:26:59,0.0
2021-11-17 19:27:39,0.0
2021-11-17 19:28:19,0.0
2021-11-17 19:28:59,0.0
2021-11-17 19:29:39,0.0
2021-11-17 19:30:19,0.0
2021-11-17 19:31:00,0.0
2021-11-17 19:31:40,0.0
2021-11-17 19:32:20,0.0
2021-11-17 19:33:00,0.0
2021-11-17 19:33:41,0.0
2021-11-17 19:34:21,0.0
2021-11-17 19:35:01,0.0
2021-11-17 19:35:41,0.0
2021-11-17 19:36:22,0.0
2021-11-17 19:37:02,0.0
2021-11-17 19:37:42,0.0
2021-11-17 19:38:22,0.0
2021-11-17 19:39:02,0.0
2021-11-17 19:39:42,0.0
2021-11-17 19:40:22,0.0
2021-11-17 19:41:03,0.0
2021-11-17 19:41:43,0.0
2021-11-17 19:42:23,0.0
2021-11-17 19:43:03,0.0
2021-11-17 19:43:43,0.0
2021-11-17 19:44:23,0.0
2021-11-17 19:45:03,0.0
2021-11-17 19:45:43,0.0
2021-11-17 19:46:24,0.0
2021-11-17 19:47:04,0.0
2021-11-17 19:47:44,0.0
2021-11-17 19:48:24,0.0
2021-11-17 19:49:04,0.0
2021-11-17 19:49:45,0.0
2021-11-17 19:50:25,0.0
2021-11-17 19:51:05,0.0
2021-11-17 19:51:45,0.0
2021-11-17 19:52:25,0.0
2021-11-17 19:53:06,0.0
2021-11-17 19:53:46,0.0
2021-11-17 19:54:26,0.0
2021-11-17 19:55:06,0.0
2021-11-17 19:55:46,0.0
2021-11-17 19:56:27,0.0
2021-11-17 19:57:07,0.0
2021-11-17 19:57:47,0.0
2021-11-17 19:58:27,0.0
2021-11-17 19:59:07,0.0
2021-11-17 19:59:47,0.0
2021-11-17 20:00:27,0.0
2021-11-17 20:01:07,0.0
2021-11-17 20:01:48,0.0
2021-11-17 20:02:28,0.0
2021-11-17 20:03:08,0.0
2021-11-17 20:03:48,0.0
2021-11-17 20:04:28,0.0
2021-11-17 20:05:09,0.0
2021-11-17 20:05:49,0.0
2021-11-17 20:06:29,0.0
2021-11-17 20:07:09,0.0
2021-11-17 20:07:50,0.0
2021-11-17 20:08:30,0.0
2021-11-17 20:09:10,0.0
2021-11-17 20:09:50,0.0
2021-11-17 20:10:30,0.0
2021-11-17 20:11:11,0.0
2021-11-17 20:11:51,0.0
2021-11-17 20:12:31,0.0
2021-11-17 20:13:11,0.0
2021-11-17 20:13:51,0.0
2021-11-17 20:14:31,0.0
2021-11-17 20:15:11,0.0
2021-11-17 20:15:51,0.0
2021-11-17 20:16:32,0.0
2021-11-17 20:17:12,0.0
2021-11-17 20:17:52,0.0
2021-11-17 20:18:32,0.0
2021-11-17 20:19:12,0.0
2021-11-17 20:19:52,0.0
2021-11-17 20:20:32,0.0
2021-11-17 20:21:12,0.0
2021-11-17 20:21:52,0.0
2021-11-17 20:22:32,0.0
2021-11-17 20:23:12,0.0
2021-11-17 20:23:52,0.0
2021-11-17 20:24:33,0.0
2021-11-17 20:25:13,0.0
2021-11-17 20:25:53,0.0
2021-11-17 20:26:33,0.0
2021-11-17 20:27:13,0.0
2021-11-17 20:27:53,0.0
2021-11-17 20:28:33,0.0
2021-11-17 20:29:13,0.0
2021-11-17 20:29:54,0.0
2021-11-17 20:30:34,0.0
2021-11-17 20:31:14,0.0
2021-11-17 20:31:54,0.0
2021-11-17 20:32:34,0.0
2021-11-17 20:33:14,0.0
2021-11-17 20:33:54,0.0
2021-11-17 20:34:34,0.0
2021-11-17 20:35:14,0.0
2021-11-17 20:35:54,0.0
2021-11-17 20:36:34,0.0
2021-11-17 20:37:15,0.0
2021-11-17 20:37:55,0.0
2021-11-17 20:38:35,0.0
2021-11-17 20:39:15,0.0
2021-11-17 20:39:55,0.0
2021-11-17 20:40:36,0.0
2021-11-17 20:41:16,0.0
2021-11-17 20:41:56,0.0
2021-11-17 20:42:36,0.0
2021-11-17 20:43:16,0.0
2021-11-17 20:43:56,0.0
2021-11-17 20:44:37,0.0
2021-11-17 20:45:17,0.0
2021-11-17 20:45:57,0.0
2021-11-17 20:46:37,0.0
2021-11-17 20:47:17,0.0
2021-11-17 20:47:58,0.0
2021-11-17 20:48:38,0.0
2021-11-17 20:49:18,0.0
2021-11-17 20:49:58,0.0
2021-11-17 20:50:38,0.0
2021-11-17 20:51:19,0.0
2021-11-17 20:51:59,0.0
2021-11-17 20:52:39,0.0
2021-11-17 20:53:19,0.0
2021-11-17 20:54:00,0.0
2021-11-17 20:54:40,0.0
2021-11-17 20:55:20,0.0
2021-11-17 20:56:00,0.0
2021-11-17 20:56:40,0.0
2021-11-17 20:57:21,0.0
2021-11-17 20:58:01,0.0
2021-11-17 20:58:41,0.0
2021-11-17 20:59:21,0.0
2021-11-17 21:00:01,0.0
2021-11-17 21:00:42,0.0
2021-11-17 21:01:22,0.0
2021-11-17 21:02:02,0.0
2021-11-17 21:02:42,0.0
2021-11-17 21:03:23,0.0
2021-11-17 21:04:03,0.0
2021-11-17 21:04:43,0.0
2021-11-17 21:05:23,0.0
2021-11-17 21:06:03,0.0
2021-11-17 21:06:43,0.0
2021-11-17 21:07:23,0.0
2021-11-17 21:08:04,0.0
2021-11-17 21:08:44,0.0
2021-11-17 21:09:24,0.0
2021-11-17 21:10:04,0.0
2021-11-17 21:10:44,0.0
2021-11-17 21:11:24,0.0
2021-11-17 21:12:04,0.0
2021-11-17 21:12:45,0.0
2021-11-17 21:13:25,0.0
2021-11-17 21:14:05,0.0
2021-11-17 21:14:45,0.0
2021-11-17 21:15:25,0.0
2021-11-17 21:16:06,0.0
2021-11-17 21:16:46,0.0
2021-11-17 21:17:26,0.0
2021-11-17 21:18:06,0.0
2021-11-17 21:18:46,0.0
2021-11-17 21:19:27,0.0
2021-11-17 21:20:07,0.0
2021-11-17 21:20:47,0.0
2021-11-17 21:21:27,0.0
2021-11-17 21:22:07,0.0
2021-11-17 21:22:47,0.0
2021-11-17 21:23:27,0.0
2021-11-17 21:24:08,0.0
2021-11-17 21:24:48,0.0
2021-11-17 21:25:28,0.0
2021-11-17 21:26:08,0.0
2021-11-17 21:26:48,0.0
2021-11-17 21:27:28,0.0
2021-11-17 21:28:09,0.0
2021-11-17 21:28:49,0.0
2021-11-17 21:29:29,0.0
2021-11-17 21:30:09,0.0
2021-11-17 21:30:49,0.0
2021-11-17 21:31:30,0.0
2021-11-17 21:32:10,0.0
2021-11-17 21:32:50,0.0
2021-11-17 21:33:30,0.0
2021-11-17 21:34:11,0.0
2021-11-17 21:34:51,0.0
2021-11-17 21:35:31,0.0
2021-11-17 21:36:11,0.0
2021-11-17 21:36:51,0.0
2021-11-17 21:37:31,0.0
2021-11-17 21:38:12,0.0
2021-11-17 21:38:52,0.0
2021-11-17 21:39:32,0.0
2021-11-17 21:40:12,0.0
2021-11-17 21:40:52,0.0
2021-11-17 21:41:33,0.0
2021-11-17 21:42:13,0.0
2021-11-17 21:42:53,0.0
2021-11-17 21:43:33,0.0
2021-11-17 21:44:13,0.0
2021-11-17 21:44:53,0.0
2021-11-17 21:45:33,0.0
2021-11-17 21:46:14,0.0
2021-11-17 21:46:54,0.0
2021-11-17 21:47:34,0.0
2021-11-17 21:48:14,0.0
2021-11-17 21:48:54,0.0
2021-11-17 21:49:34,0.0
2021-11-17 21:50:15,0.0
2021-11-17 21:50:55,0.0
2021-11-17 21:51:35,0.0
2021-11-17 21:52:15,0.0
2021-11-17 21:52:55,0.0
2021-11-17 21:53:35,0.0
2021-11-17 21:54:16,0.0
2021-11-17 21:54:56,0.0
2021-11-17 21:55:36,0.0
2021-11-17 21:56:16,0.0
2021-11-17 21:56:56,0.0
2021-11-17 21:57:37,0.0
2021-11-17 21:58:17,0.0
2021-11-17 21:58:57,0.0
2021-11-17 21:59:37,0.0
2021-11-17 22:00:17,0.0
2021-11-17 22:00:58,0.0
2021-11-17 22:01:38,0.0
2021-11-17 22:02:18,0.0
2021-11-17 22:02:58,0.0
2021-11-17 22:03:38,0.0
2021-11-17 22:04:18,0.0
2021-11-17 22:04:58,0.0
2021-11-17 22:05:39,0.0
2021-11-17 22:06:19,0.0
2021-11-17 22:06:59,0.0
2021-11-17 22:07:39,0.0
2021-11-17 22:08:19,0.0
2021-11-17 22:08:59,0.0
2021-11-17 22:09:40,0.0
2021-11-17 22:10:20,0.0
2021-11-17 22:11:00,0.0
2021-11-17 22:11:40,0.0
2021-11-17 22:12:20,0.0
2021-11-17 22:13:00,0.0
2021-11-17 22:13:41,0.0
2021-11-17 22:14:21,0.0
2021-11-17 22:15:01,0.0
2021-11-17 22:15:41,0.0
2021-11-17 22:16:22,0.0
2021-11-17 22:17:02,0.0
2021-11-17 22:17:42,0.0
2021-11-17 22:18:22,0.0
2021-11-17 22:19:02,0.0
2021-11-17 22:19:43,0.0
2021-11-17 22:20:23,0.0
2021-11-17 22:21:03,0.0
2021-11-17 22:21:43,0.0
2021-11-17 22:22:23,0.0
2021-11-17 22:23:03,0.0
2021-11-17 22:23:43,0.0
2021-11-17 22:24:24,0.0
2021-11-17 22:25:04,0.0
2021-11-17 22:25:44,0.0
2021-11-17 22:26:24,0.0
2021-11-17 22:27:04,0.0
2021-11-17 22:27:45,0.0
2021-11-17 22:28:25,0.0
2021-11-17 22:29:05,0.0
2021-11-17 22:29:45,0.0
2021-11-17 22:30:25,0.0
2021-11-17 22:31:05,0.0
2021-11-17 22:31:46,0.0
2021-11-17 22:32:26,0.0
2021-11-17 22:33:06,0.0
2021-11-17 22:33:46,0.0
2021-11-17 22:34:26,0.0
2021-11-17 22:35:06,0.0
2021-11-17 22:35:47,0.0
2021-11-17 22:36:27,0.0
2021-11-17 22:37:07,0.0
2021-11-17 22:37:47,0.0
2021-11-17 22:38:27,0.0
2021-11-17 22:39:07,0.0
2021-11-17 22:39:48,0.0
2021-11-17 22:40:28,0.0
2021-11-17 22:41:08,0.0
2021-11-17 22:41:48,0.0
2021-11-17 22:42:28,0.0
2021-11-17 22:43:08,0.0
2021-11-17 22:43:49,0.0
2021-11-17 22:44:29,0.0
2021-11-17 22:45:09,0.0
2021-11-17 22:45:49,0.0
2021-11-17 22:46:29,0.0
2021-11-17 22:47:10,0.0
2021-11-17 22:47:50,0.0
2021-11-17 22:48:30,0.0
2021-11-17 22:49:10,0.0
2021-11-17 22:49:50,0.0
2021-11-17 22:50:30,0.0
2021-11-17 22:51:11,0.0
2021-11-17 22:51:51,0.0
2021-11-17 22:52:31,0.0
2021-11-17 22:53:11,0.0
2021-11-17 22:53:51,0.0
2021-11-17 22:54:32,0.0
2021-11-17 22:55:12,0.0
2021-11-17 22:55:52,0.0
2021-11-17 22:56:32,0.0
2021-11-17 22:57:12,0.0
2021-11-17 22:57:53,0.0
2021-11-17 22:58:33,0.0
2021-11-17 22:59:13,0.0
2021-11-17 22:59:53,0.0
2021-11-17 23:00:33,0.0
2021-11-17 23:01:13,0.0
2021-11-17 23:01:54,0.0
2021-11-17 23:02:34,0.0
2021-11-17 23:03:14,0.0
2021-11-17 23:03:54,0.0
2021-11-17 23:04:34,0.0
2021-11-17 23:05:15,0.0
2021-11-17 23:05:55,0.0
2021-11-17 23:06:35,0.0
2021-11-17 23:07:15,0.0
2021-11-17 23:07:55,0.0
2021-11-17 23:08:35,0.0
2021-11-17 23:09:16,0.0
2021-11-17 23:09:56,0.0
2021-11-17 23:10:36,0.0
2021-11-17 23:11:16,0.0
2021-11-17 23:11:56,0.0
2021-11-17 23:12:36,0.0
2021-11-17 23:13:17,0.0
2021-11-17 23:13:57,0.0
2021-11-17 23:14:37,0.0
2021-11-17 23:15:17,0.0
2021-11-17 23:15:57,0.0
2021-11-17 23:16:37,0.0
2021-11-17 23:17:18,0.0
2021-11-17 23:17:58,0.0
2021-11-17 23:18:38,0.0
2021-11-17 23:19:18,0.0
2021-11-17 23:19:58,0.0
2021-11-17 23:20:39,0.0
2021-11-17 23:21:19,0.0
2021-11-17 23:21:59,0.0
2021-11-17 23:22:39,0.0
2021-11-17 23:23:19,0.0
2021-11-17 23:24:00,0.0
2021-11-17 23:24:40,0.0
2021-11-17 23:25:20,0.0
2021-11-17 23:26:00,0.0
2021-11-17 23:26:40,0.0
2021-11-17 23:27:21,0.0
2021-11-17 23:28:01,0.0
2021-11-17 23:28:41,0.0
2021-11-17 23:29:21,0.0
2021-11-17 23:30:01,0.0
2021-11-17 23:30:41,0.0
2021-11-17 23:31:22,0.0
2021-11-17 23:32:02,0.0
2021-11-17 23:32:42,0.0
2021-11-17 23:33:22,0.0
2021-11-17 23:34:02,0.0
2021-11-17 23:34:42,0.0
2021-11-17 23:35:23,0.0
2021-11-17 23:36:03,0.0
2021-11-17 23:36:43,0.0
2021-11-17 23:37:23,0.0
2021-11-17 23:38:03,0.0
2021-11-17 23:38:44,0.0
2021-11-17 23:39:24,0.0
2021-11-17 23:40:04,0.0
2021-11-17 23:40:44,0.0
2021-11-17 23:41:24,0.0
2021-11-17 23:42:05,0.0
2021-11-17 23:42:45,0.0
2021-11-17 23:43:25,0.0
2021-11-17 23:44:05,0.0
2021-11-17 23:44:45,0.0
2021-11-17 23:45:26,0.0
2021-11-17 23:46:06,0.0
2021-11-17 23:46:46,0.0
2021-11-17 23:47:26,0.0
2021-11-17 23:48:06,0.0
2021-11-17 23:48:47,0.0
2021-11-17 23:49:27,0.0
2021-11-17 23:50:07,0.0
2021-11-17 23:50:47,0.0
2021-11-17 23:51:27,0.0
2021-11-17 23:52:07,0.0
2021-11-17 23:52:48,0.0
2021-11-17 23:53:28,0.0
2021-11-17 23:54:08,0.0
2021-11-17 23:54:48,0.0
2021-11-17 23:55:28,0.0
2021-11-17 23:56:08,0.0
2021-11-17 23:56:49,0.0
2021-11-17 23:57:29,0.0
2021-11-17 23:58:09,0.0
2021-11-17 23:58:49,0.0
2021-11-17 23:59:29,0.0
2021-11-18 00:00:10,0.0
2021-11-18 00:00:50,0.0
2021-11-18 00:01:30,0.0
2021-11-18 00:02:10,0.0
2021-11-18 00:02:50,0.0
2021-11-18 00:03:31,0.0
2021-11-18 00:04:11,0.0
2021-11-18 00:04:51,0.0
2021-11-18 00:05:31,0.0
2021-11-18 00:06:11,0.0
2021-11-18 00:06:52,0.0
2021-11-18 00:07:32,0.0
2021-11-18 00:08:12,0.0
2021-11-18 00:08:52,0.0
2021-11-18 00:09:32,0.0
2021-11-18 00:10:13,0.0
2021-11-18 00:10:53,0.0
2021-11-18 00:11:33,0.0
2021-11-18 00:12:13,0.0
2021-11-18 00:12:53,0.0
2021-11-18 00:13:34,0.0
2021-11-18 00:14:14,0.0
2021-11-18 00:14:54,0.0
2021-11-18 00:15:34,0.0
2021-11-18 00:16:14,0.0
2021-11-18 00:16:54,0.0
2021-11-18 00:17:35,0.0
2021-11-18 00:18:15,0.0
2021-11-18 00:18:55,0.0
2021-11-18 00:19:35,0.0
2021-11-18 00:20:15,0.0
2021-11-18 00:20:56,0.0
2021-11-18 00:21:36,0.0
2021-11-18 00:22:16,0.0
2021-11-18 00:22:56,0.0
2021-11-18 00:23:36,0.0
2021-11-18 00:24:16,0.0
2021-11-18 00:24:57,0.0
2021-11-18 00:25:37,0.0
2021-11-18 00:26:17,0.0
2021-11-18 00:26:57,0.0
2021-11-18 00:27:37,0.0
2021-11-18 00:28:17,0.0
2021-11-18 00:28:58,0.0
2021-11-18 00:29:38,0.0
2021-11-18 00:30:18,0.0
2021-11-18 00:30:58,0.0
2021-11-18 00:31:38,0.0
2021-11-18 00:32:19,0.0
2021-11-18 00:32:59,0.0
2021-11-18 00:33:39,0.0
2021-11-18 00:34:19,0.0
2021-11-18 00:34:59,0.0
2021-11-18 00:35:40,0.0
2021-11-18 00:36:20,0.0
2021-11-18 00:37:00,0.0
2021-11-18 00:37:40,0.0
2021-11-18 00:38:20,0.0
2021-11-18 00:39:00,0.0
2021-11-18 00:39:41,0.0
2021-11-18 00:40:21,0.0
2021-11-18 00:41:01,0.0
2021-11-18 00:41:41,0.0
2021-11-18 00:42:21,0.0
2021-11-18 00:43:02,0.0
2021-11-18 00:43:42,0.0
2021-11-18 00:44:22,0.0
2021-11-18 00:45:02,0.0
2021-11-18 00:45:42,0.0
2021-11-18 00:46:22,0.0
2021-11-18 00:47:03,0.0
2021-11-18 00:47:43,0.0
2021-11-18 00:48:23,0.0
2021-11-18 00:49:03,0.0
2021-11-18 00:49:43,0.0
2021-11-18 00:50:24,0.0
2021-11-18 00:51:04,0.0
2021-11-18 00:51:44,0.0
2021-11-18 00:52:24,0.0
2021-11-18 00:53:04,0.0
2021-11-18 00:53:44,0.0
2021-11-18 00:54:25,0.0
2021-11-18 00:55:05,0.0
2021-11-18 00:55:45,0.0
2021-11-18 00:56:25,0.0
2021-11-18 00:57:05,0.0
2021-11-18 00:57:46,0.0
2021-11-18 00:58:26,0.0
2021-11-18 00:59:06,0.0
2021-11-18 00:59:46,0.0
2021-11-18 01:00:27,0.0
2021-11-18 01:01:07,0.0
2021-11-18 01:01:47,0.0
2021-11-18 01:02:27,0.0
2021-11-18 01:03:07,0.0
2021-11-18 01:03:47,0.0
2021-11-18 01:04:28,0.0
2021-11-18 01:05:08,0.0
2021-11-18 01:05:48,0.0
2021-11-18 01:06:28,0.0
2021-11-18 01:07:08,0.0
2021-11-18 01:07:48,0.0
2021-11-18 01:08:29,0.0
2021-11-18 01:09:09,0.0
2021-11-18 01:09:49,0.0
2021-11-18 01:10:29,0.0
2021-11-18 01:11:09,0.0
2021-11-18 01:11:49,0.0
2021-11-18 01:12:30,0.0
2021-11-18 01:13:10,0.0
2021-11-18 01:13:50,0.0
2021-11-18 01:14:30,0.0
2021-11-18 01:15:10,0.0
2021-11-18 01:15:51,0.0
2021-11-18 01:16:31,0.0
2021-11-18 01:17:11,0.0
2021-11-18 01:17:51,0.0
2021-11-18 01:18:32,0.0
2021-11-18 01:19:12,0.0
2021-11-18 01:19:52,0.0
2021-11-18 01:20:32,0.0
2021-11-18 01:21:12,0.0
2021-11-18 01:21:52,0.0
2021-11-18 01:22:33,0.0
2021-11-18 01:23:13,0.0
2021-11-18 01:23:53,0.0
2021-11-18 01:24:33,0.0
2021-11-18 01:25:13,0.0
2021-11-18 01:25:53,0.0
2021-11-18 01:26:34,0.0
2021-11-18 01:27:14,0.0
2021-11-18 01:27:54,0.0
2021-11-18 01:28:34,0.0
2021-11-18 01:29:14,0.0
2021-11-18 01:29:54,0.0
2021-11-18 01:30:34,0.0
2021-11-18 01:31:14,0.0
2021-11-18 01:31:55,0.0
2021-11-18 01:32:35,0.0
2021-11-18 01:33:15,0.0
2021-11-18 01:33:55,0.0
2021-11-18 01:34:35,0.0
2021-11-18 01:35:16,0.0
2021-11-18 01:35:56,0.0
2021-11-18 01:36:36,0.0
2021-11-18 01:37:16,0.0
2021-11-18 01:37:56,0.0
2021-11-18 01:38:36,0.0
2021-11-18 01:39:17,0.0
2021-11-18 01:39:57,0.0
2021-11-18 01:40:37,0.0
2021-11-18 01:41:17,0.0
2021-11-18 01:41:57,0.0
2021-11-18 01:42:38,0.0
2021-11-18 01:43:18,0.0
2021-11-18 01:43:58,0.0
2021-11-18 01:44:38,0.0
2021-11-18 01:45:18,0.0
2021-11-18 01:45:59,0.0
2021-11-18 01:46:39,0.0
2021-11-18 01:47:19,0.0
2021-11-18 01:47:59,0.0
2021-11-18 01:48:39,0.0
2021-11-18 01:49:20,0.0
2021-11-18 01:50:00,0.0
2021-11-18 01:50:40,0.0
2021-11-18 01:51:20,0.0
2021-11-18 01:52:00,0.0
2021-11-18 01:52:40,0.0
2021-11-18 01:53:21,0.0
2021-11-18 01:54:01,0.0
2021-11-18 01:54:41,0.0
2021-11-18 01:55:21,0.0
2021-11-18 01:56:01,0.0
2021-11-18 01:56:42,0.0
2021-11-18 01:57:22,0.0
2021-11-18 01:58:02,0.0
2021-11-18 01:58:42,0.0
2021-11-18 01:59:22,0.0
2021-11-18 02:00:03,0.0
2021-11-18 02:00:43,0.0
2021-11-18 02:01:23,0.0
2021-11-18 02:02:03,0.0
2021-11-18 02:02:43,0.0
2021-11-18 02:03:24,0.0
2021-11-18 02:04:04,0.0
2021-11-18 02:04:44,0.0
2021-11-18 02:05:24,0.0
2021-11-18 02:06:04,0.0
2021-11-18 02:06:44,0.0
2021-11-18 02:07:25,0.0
2021-11-18 02:08:05,0.0
2021-11-18 02:08:45,0.0
2021-11-18 02:09:25,0.0
2021-11-18 02:10:05,0.0
2021-11-18 02:10:45,0.0
2021-11-18 02:11:26,0.0
2021-11-18 02:12:06,0.0
2021-11-18 02:12:46,0.0
2021-11-18 02:13:26,0.0
2021-11-18 02:14:06,0.0
2021-11-18 02:14:47,0.0
2021-11-18 02:15:27,0.0
2021-11-18 02:16:07,0.0
2021-11-18 02:16:47,0.0
2021-11-18 02:17:27,0.0
2021-11-18 02:18:08,0.0
2021-11-18 02:18:48,0.0
2021-11-18 02:19:28,0.0
2021-11-18 02:20:08,0.0
2021-11-18 02:20:48,0.0
2021-11-18 02:21:28,0.0
2021-11-18 02:22:09,0.0
2021-11-18 02:22:49,0.0
2021-11-18 02:23:29,0.0
2021-11-18 02:24:09,0.0
2021-11-18 02:24:49,0.0
2021-11-18 02:25:29,0.0
2021-11-18 02:26:10,0.0
2021-11-18 02:26:50,0.0
2021-11-18 02:27:30,0.0
2021-11-18 02:28:10,0.0
2021-11-18 02:28:50,0.0
2021-11-18 02:29:31,0.0
2021-11-18 02:30:11,0.0
2021-11-18 02:30:51,0.0
2021-11-18 02:31:31,0.0
2021-11-18 02:32:11,0.0
2021-11-18 02:32:52,0.0
2021-11-18 02:33:32,0.0
2021-11-18 02:34:12,0.0
2021-11-18 02:34:52,0.0
2021-11-18 02:35:32,0.0
2021-11-18 02:36:12,0.0
2021-11-18 02:36:53,0.0
2021-11-18 02:37:33,0.0
2021-11-18 02:38:13,0.0
2021-11-18 02:38:53,0.0
2021-11-18 02:39:33,0.0
2021-11-18 02:40:14,0.0
2021-11-18 02:40:54,0.0
2021-11-18 02:41:34,0.0
2021-11-18 02:42:14,0.0
2021-11-18 02:42:54,0.0
2021-11-18 02:43:35,0.0
2021-11-18 02:44:15,0.0
2021-11-18 02:44:55,0.0
2021-11-18 02:45:35,0.0
2021-11-18 02:46:15,0.0
2021-11-18 02:46:55,0.0
2021-11-18 02:47:36,0.0
2021-11-18 02:48:16,0.0
2021-11-18 02:48:56,0.0
2021-11-18 02:49:36,0.0
2021-11-18 02:50:16,0.0
2021-11-18 02:50:56,0.0
2021-11-18 02:51:37,0.0
2021-11-18 02:52:17,0.0
2021-11-18 02:52:57,0.0
2021-11-18 02:53:37,0.0
2021-11-18 02:54:17,0.0
2021-11-18 02:54:58,0.0
2021-11-18 02:55:38,0.0
2021-11-18 02:56:18,0.0
2021-11-18 02:56:58,0.0
2021-11-18 02:57:39,0.0
2021-11-18 02:58:19,0.0
2021-11-18 02:58:59,0.0
2021-11-18 02:59:39,0.0
2021-11-18 03:00:19,0.0
2021-11-18 03:00:59,0.0
2021-11-18 03:01:39,0.0
2021-11-18 03:02:20,0.0
2021-11-18 03:03:00,0.0
2021-11-18 03:03:40,0.0
2021-11-18 03:04:20,0.0
2021-11-18 03:05:00,0.0
2021-11-18 03:05:41,0.0
2021-11-18 03:06:21,0.0
2021-11-18 03:07:01,0.0
2021-11-18 03:07:41,0.0
2021-11-18 03:08:21,0.0
2021-11-18 03:09:01,0.0
2021-11-18 03:09:42,0.0
2021-11-18 03:10:22,0.0
2021-11-18 03:11:02,0.0
2021-11-18 03:11:42,0.0
2021-11-18 03:12:22,0.0
2021-11-18 03:13:03,0.0
2021-11-18 03:13:43,0.0
2021-11-18 03:14:23,0.0
2021-11-18 03:15:03,0.0
2021-11-18 03:15:43,0.0
2021-11-18 03:16:23,0.0
2021-11-18 03:17:04,0.0
2021-11-18 03:17:44,0.0
2021-11-18 03:18:24,0.0
2021-11-18 03:19:04,0.0
2021-11-18 03:19:44,0.0
2021-11-18 03:20:24,0.0
2021-11-18 03:21:04,0.0
2021-11-18 03:21:45,0.0
2021-11-18 03:22:25,0.0
2021-11-18 03:23:05,0.0
2021-11-18 03:23:45,0.0
2021-11-18 03:24:25,0.0
2021-11-18 03:25:06,0.0
2021-11-18 03:25:46,0.0
2021-11-18 03:26:26,0.0
2021-11-18 03:27:06,0.0
2021-11-18 03:27:46,0.0
2021-11-18 03:28:26,0.0
2021-11-18 03:29:07,0.0
2021-11-18 03:29:47,0.0
2021-11-18 03:30:27,0.0
2021-11-18 03:31:07,0.0
2021-11-18 03:31:47,0.0
2021-11-18 03:32:27,0.0
2021-11-18 03:33:08,0.0
2021-11-18 03:33:48,0.0
2021-11-18 03:34:28,0.0
2021-11-18 03:35:08,0.0
2021-11-18 03:35:49,0.0
2021-11-18 03:36:29,0.0
2021-11-18 03:37:09,0.0
2021-11-18 03:37:49,0.0
2021-11-18 03:38:29,0.0
2021-11-18 03:39:10,0.0
2021-11-18 03:39:50,0.0
2021-11-18 03:40:30,0.0
2021-11-18 03:41:10,0.0
2021-11-18 03:41:50,0.0
2021-11-18 03:42:31,0.0
2021-11-18 03:43:11,0.0
2021-11-18 03:43:51,0.0
2021-11-18 03:44:31,0.0
2021-11-18 03:45:11,0.0
2021-11-18 03:45:51,0.0
2021-11-18 03:46:31,0.0
2021-11-18 03:47:12,0.0
2021-11-18 03:47:52,0.0
2021-11-18 03:48:32,0.0
2021-11-18 03:49:12,0.0
2021-11-18 03:49:52,0.0
2021-11-18 03:50:33,0.0
2021-11-18 03:51:13,0.0
2021-11-18 03:51:53,0.0
2021-11-18 03:52:33,0.0
2021-11-18 03:53:13,0.0
2021-11-18 03:53:53,0.0
2021-11-18 03:54:34,0.0
2021-11-18 03:55:14,0.0
2021-11-18 03:55:54,0.0
2021-11-18 03:56:34,0.0
2021-11-18 03:57:14,0.0
2021-11-18 03:57:55,0.0
2021-11-18 03:58:35,0.0
2021-11-18 03:59:15,0.0
2021-11-18 03:59:55,0.0
2021-11-18 04:00:35,0.0
2021-11-18 04:01:15,0.0
2021-11-18 04:01:55,0.0
2021-11-18 04:02:36,0.0
2021-11-18 04:03:16,0.0
2021-11-18 04:03:56,0.0
2021-11-18 04:04:36,0.0
2021-11-18 04:05:16,0.0
2021-11-18 04:05:56,0.0
2021-11-18 04:06:37,0.0
2021-11-18 04:07:17,0.0
2021-11-18 04:07:57,0.0
2021-11-18 04:08:37,0.0
2021-11-18 04:09:17,0.0
2021-11-18 04:09:58,0.0
2021-11-18 04:10:38,0.0
2021-11-18 04:11:18,0.0
2021-11-18 04:11:58,0.0
2021-11-18 04:12:38,0.0
2021-11-18 04:13:18,0.0
2021-11-18 04:13:59,0.0
2021-11-18 04:14:39,0.0
2021-11-18 04:15:19,0.0
2021-11-18 04:15:59,0.0
2021-11-18 04:16:39,0.0
2021-11-18 04:17:19,0.0
2021-11-18 04:18:00,0.0
2021-11-18 04:18:40,0.0
2021-11-18 04:19:20,0.0
2021-11-18 04:20:00,0.0
2021-11-18 04:20:40,0.0
2021-11-18 04:21:21,0.0
2021-11-18 04:22:01,0.0
2021-11-18 04:22:41,0.0
2021-11-18 04:23:21,0.0
2021-11-18 04:24:02,0.0
2021-11-18 04:24:42,0.0
2021-11-18 04:25:22,0.0
2021-11-18 04:26:02,0.0
2021-11-18 04:26:42,0.0
2021-11-18 04:27:22,0.0
2021-11-18 04:28:03,0.0
2021-11-18 04:28:43,0.0
2021-11-18 04:29:23,0.0
2021-11-18 04:30:03,0.0
2021-11-18 04:30:43,0.0
2021-11-18 04:31:24,0.0
2021-11-18 04:32:04,0.0
2021-11-18 04:32:44,0.0
2021-11-18 04:33:24,0.0
2021-11-18 04:34:04,0.0
2021-11-18 04:34:45,0.0
2021-11-18 04:35:25,0.0
2021-11-18 04:36:05,0.0
2021-11-18 04:36:45,0.0
2021-11-18 04:37:25,0.0
2021-11-18 04:38:06,0.0
2021-11-18 04:38:46,0.0
2021-11-18 04:39:26,0.0
2021-11-18 04:40:06,0.0
2021-11-18 04:40:46,0.0
2021-11-18 04:41:27,0.0
2021-11-18 04:42:07,0.0
2021-11-18 04:42:47,0.0
2021-11-18 04:43:27,0.0
2021-11-18 04:44:07,0.0
2021-11-18 04:44:48,0.0
2021-11-18 04:45:28,0.0
2021-11-18 04:46:08,0.0
2021-11-18 04:46:48,0.0
2021-11-18 04:47:28,0.0
2021-11-18 04:48:09,0.0
2021-11-18 04:48:49,0.0
2021-11-18 04:49:29,0.0
2021-11-18 04:50:09,0.0
2021-11-18 04:50:49,0.0
2021-11-18 04:51:29,0.0
2021-11-18 04:52:10,0.0
2021-11-18 04:52:50,0.0
2021-11-18 04:53:30,0.0
2021-11-18 04:54:10,0.0
2021-11-18 04:54:51,0.0
2021-11-18 04:55:31,0.0
2021-11-18 04:56:11,0.0
2021-11-18 04:56:51,0.0
2021-11-18 04:57:31,0.0
2021-11-18 04:58:11,0.0
2021-11-18 04:58:52,0.0
2021-11-18 04:59:32,0.0
2021-11-18 05:00:12,0.0
2021-11-18 05:00:52,0.0
2021-11-18 05:01:32,0.0
2021-11-18 05:02:12,0.0
2021-11-18 05:02:52,0.0
2021-11-18 05:03:33,0.0
2021-11-18 05:04:13,0.0
2021-11-18 05:04:53,0.0
2021-11-18 05:05:33,0.0
2021-11-18 05:06:13,0.0
2021-11-18 05:06:54,0.0
2021-11-18 05:07:34,0.0
2021-11-18 05:08:14,0.0
2021-11-18 05:08:54,0.0
2021-11-18 05:09:34,0.0
2021-11-18 05:10:15,0.0
2021-11-18 05:10:55,0.0
2021-11-18 05:11:35,0.0
2021-11-18 05:12:15,0.0
2021-11-18 05:12:55,0.0
2021-11-18 05:13:36,0.0
2021-11-18 05:14:16,0.0
2021-11-18 05:14:56,0.0
2021-11-18 05:15:36,0.0
2021-11-18 05:16:16,0.0
2021-11-18 05:16:57,0.0
2021-11-18 05:17:37,0.0
2021-11-18 05:18:17,0.0
2021-11-18 05:18:57,0.0
2021-11-18 05:19:37,0.0
2021-11-18 05:20:18,0.0
2021-11-18 05:20:58,0.0
2021-11-18 05:21:38,0.0
2021-11-18 05:22:18,0.0
2021-11-18 05:22:58,0.0
2021-11-18 05:23:38,0.0
2021-11-18 05:24:18,0.0
2021-11-18 05:24:59,0.0
2021-11-18 05:25:39,0.0
2021-11-18 05:26:19,0.0
2021-11-18 05:26:59,0.0
2021-11-18 05:27:39,0.0
2021-11-18 05:28:19,0.0
2021-11-18 05:29:00,0.0
2021-11-18 05:29:40,0.0
2021-11-18 05:30:20,0.0
2021-11-18 05:31:00,0.0
2021-11-18 05:31:40,0.0
2021-11-18 05:32:21,0.0
2021-11-18 05:33:01,0.0
2021-11-18 05:33:41,0.0
2021-11-18 05:34:21,0.0
2021-11-18 05:35:01,0.0
2021-11-18 05:35:41,0.0
2021-11-18 05:36:22,0.0
2021-11-18 05:37:02,0.0
2021-11-18 05:37:42,0.0
2021-11-18 05:38:22,0.0
2021-11-18 05:39:02,0.0
2021-11-18 05:39:43,0.0
2021-11-18 05:40:23,0.0
2021-11-18 05:41:03,0.0
2021-11-18 05:41:43,0.0
2021-11-18 05:42:23,0.0
2021-11-18 05:43:03,0.0
2021-11-18 05:43:44,0.0
2021-11-18 05:44:24,0.0
2021-11-18 05:45:04,0.0
2021-11-18 05:45:44,0.0
2021-11-18 05:46:24,0.0
2021-11-18 05:47:04,0.0
2021-11-18 05:47:45,0.0
2021-11-18 05:48:25,0.0
2021-11-18 05:49:05,0.0
2021-11-18 05:49:45,0.0
2021-11-18 05:50:25,0.0
2021-11-18 05:51:06,0.0
2021-11-18 05:51:46,0.0
2021-11-18 05:52:26,0.0
2021-11-18 05:53:06,0.0
2021-11-18 05:53:46,0.0
2021-11-18 05:54:26,0.0
2021-11-18 05:55:07,0.0
2021-11-18 05:55:47,0.0
2021-11-18 05:56:27,0.0
2021-11-18 05:57:07,0.0
2021-11-18 05:57:47,0.0
2021-11-18 05:58:27,0.0
2021-11-18 05:59:08,0.0
2021-11-18 05:59:48,0.0
2021-11-18 06:00:28,0.0
2021-11-18 06:01:08,0.0
2021-11-18 06:01:48,0.0
2021-11-18 06:02:28,0.0
2021-11-18 06:03:09,0.0
2021-11-18 06:03:49,0.0
2021-11-18 06:04:29,0.0
2021-11-18 06:05:09,0.0
2021-11-18 06:05:49,0.0
2021-11-18 06:06:29,0.0
2021-11-18 06:07:09,0.0
2021-11-18 06:07:50,0.0
2021-11-18 06:08:30,0.0
2021-11-18 06:09:10,0.0
2021-11-18 06:09:50,0.0
2021-11-18 06:10:31,0.0
2021-11-18 06:11:11,0.0
2021-11-18 06:11:51,0.0
2021-11-18 06:12:31,0.0
2021-11-18 06:13:11,0.0
2021-11-18 06:13:51,0.0
2021-11-18 06:14:32,0.0
2021-11-18 06:15:12,0.0
2021-11-18 06:15:52,0.0
2021-11-18 06:16:32,0.0
2021-11-18 06:17:12,0.0
2021-11-18 06:17:52,0.0
2021-11-18 06:18:33,0.0
2021-11-18 06:19:13,0.0
2021-11-18 06:19:53,0.0
2021-11-18 06:20:33,0.0
2021-11-18 06:21:13,0.0
2021-11-18 06:21:53,0.0
2021-11-18 06:22:34,0.0
2021-11-18 06:23:14,0.0
2021-11-18 06:23:54,0.0
2021-11-18 06:24:34,0.0
2021-11-18 06:25:14,0.0
2021-11-18 06:25:55,0.0
2021-11-18 06:26:35,0.0
2021-11-18 06:27:15,0.0
2021-11-18 06:27:55,0.0
2021-11-18 06:28:35,0.0
2021-11-18 06:29:15,0.0
2021-11-18 06:29:55,0.0
2021-11-18 06:30:36,0.0
2021-11-18 06:31:16,0.0
2021-11-18 06:31:56,0.0
2021-11-18 06:32:36,0.0
2021-11-18 06:33:16,0.0
2021-11-18 06:33:57,0.0
2021-11-18 06:34:37,0.0
2021-11-18 06:35:17,0.0
2021-11-18 06:35:57,0.0
2021-11-18 06:36:37,0.0
2021-11-18 06:37:17,0.0
2021-11-18 06:37:58,0.0
2021-11-18 06:38:38,0.0
2021-11-18 06:39:18,0.0
2021-11-18 06:39:58,0.0
2021-11-18 06:40:38,0.0
2021-11-18 06:41:19,0.0
2021-11-18 06:41:59,0.0
2021-11-18 06:42:39,0.0
2021-11-18 06:43:19,0.0
2021-11-18 06:43:59,0.0
2021-11-18 06:44:39,0.0
2021-11-18 06:45:20,0.0
2021-11-18 06:46:00,0.0
2021-11-18 06:46:40,0.0
2021-11-18 06:47:20,0.0
2021-11-18 06:48:00,0.0
2021-11-18 06:48:41,0.0
2021-11-18 06:49:21,0.0
2021-11-18 06:50:01,0.0
2021-11-18 06:50:41,0.0
2021-11-18 06:51:21,0.0
2021-11-18 06:52:02,0.0
2021-11-18 06:52:42,0.0
2021-11-18 06:53:22,0.0
2021-11-18 06:54:02,0.0
2021-11-18 06:54:42,0.0
2021-11-18 06:55:22,0.0
2021-11-18 06:56:03,0.0
2021-11-18 06:56:43,0.0
2021-11-18 06:57:23,0.0
2021-11-18 06:58:03,0.0
2021-11-18 06:58:44,0.0
2021-11-18 06:59:24,0.0
2021-11-18 07:00:04,0.0
2021-11-18 07:00:44,0.0
2021-11-18 07:01:24,0.0
2021-11-18 07:02:04,0.0
2021-11-18 07:02:45,0.0
2021-11-18 07:03:25,0.0
2021-11-18 07:04:05,0.0
2021-11-18 07:04:45,0.0
2021-11-18 07:05:25,0.0
2021-11-18 07:06:05,0.0
2021-11-18 07:06:46,0.0
2021-11-18 07:07:26,0.0
2021-11-18 07:08:06,0.0
2021-11-18 07:08:46,0.0
2021-11-18 07:09:26,0.0
2021-11-18 07:10:06,0.0
2021-11-18 07:10:47,0.0
2021-11-18 07:11:27,0.0
2021-11-18 07:12:07,0.0
2021-11-18 07:12:47,0.0
2021-11-18 07:13:27,0.0
2021-11-18 07:14:07,0.0
2021-11-18 07:14:48,0.0
2021-11-18 07:15:28,0.0
2021-11-18 07:16:08,0.0
2021-11-18 07:16:48,0.0
2021-11-18 07:17:28,0.0
2021-11-18 07:18:08,0.0
2021-11-18 07:18:48,0.0
2021-11-18 07:19:29,0.0
2021-11-18 07:20:09,0.0
2021-11-18 07:20:49,0.0
2021-11-18 07:21:29,0.0
2021-11-18 07:22:09,0.0
2021-11-18 07:22:49,0.0
2021-11-18 07:23:29,0.0
2021-11-18 07:24:10,0.0
2021-11-18 07:24:50,0.0
2021-11-18 07:25:30,0.0
2021-11-18 07:26:10,0.0
2021-11-18 07:26:50,0.0
2021-11-18 07:27:31,0.0
2021-11-18 07:28:11,0.0
2021-11-18 07:28:51,0.0
2021-11-18 07:29:31,0.0
2021-11-18 07:30:11,0.0
2021-11-18 07:30:52,0.0
2021-11-18 07:31:32,0.0
2021-11-18 07:32:12,0.0
2021-11-18 07:32:52,0.0
2021-11-18 07:33:32,0.0
2021-11-18 07:34:13,0.0
2021-11-18 07:34:53,0.0
2021-11-18 07:35:33,0.0
2021-11-18 07:36:13,0.0
2021-11-18 07:36:53,0.0
2021-11-18 07:37:33,0.0
2021-11-18 07:38:13,0.0
2021-11-18 07:38:54,0.0
2021-11-18 07:39:34,0.0
2021-11-18 07:40:14,0.0
2021-11-18 07:40:54,0.0
2021-11-18 07:41:34,0.0
2021-11-18 07:42:14,0.0
2021-11-18 07:42:55,0.0
2021-11-18 07:43:35,0.0
2021-11-18 07:44:15,0.0
2021-11-18 07:44:55,0.0
2021-11-18 07:45:35,0.0
2021-11-18 07:46:16,0.0
2021-11-18 07:46:56,0.0
2021-11-18 07:47:36,0.0
2021-11-18 07:48:16,0.0
2021-11-18 07:48:56,0.0
2021-11-18 07:49:36,0.0
2021-11-18 07:50:16,0.0
2021-11-18 07:50:57,0.0
2021-11-18 07:51:37,0.0
2021-11-18 07:52:17,0.0
2021-11-18 07:52:57,0.0
2021-11-18 07:53:37,0.0
2021-11-18 07:54:18,0.0
2021-11-18 07:54:58,0.0
2021-11-18 07:55:38,0.0
2021-11-18 07:56:18,0.0
2021-11-18 07:56:58,0.0
2021-11-18 07:57:38,0.0
2021-11-18 07:58:19,0.0
2021-11-18 07:58:59,0.0
2021-11-18 07:59:39,0.0
2021-11-18 08:00:19,0.0
2021-11-18 08:00:59,0.0
2021-11-18 08:01:39,0.0
2021-11-18 08:02:20,0.0
2021-11-18 08:03:00,0.0
2021-11-18 08:03:40,0.0
2021-11-18 08:04:20,0.0
2021-11-18 08:05:00,0.0
2021-11-18 08:05:41,0.0
2021-11-18 08:06:21,0.0
2021-11-18 08:07:01,0.0
2021-11-18 08:07:41,0.0
2021-11-18 08:08:21,0.0
2021-11-18 08:09:01,0.0
2021-11-18 08:09:42,0.0
2021-11-18 08:10:22,0.0
2021-11-18 08:11:02,0.0
2021-11-18 08:11:42,0.0
2021-11-18 08:12:22,0.0
2021-11-18 08:13:03,0.0
2021-11-18 08:13:43,0.0
2021-11-18 08:14:23,0.0
2021-11-18 08:15:03,0.0
2021-11-18 08:15:43,0.0
2021-11-18 08:16:24,0.0
2021-11-18 08:17:04,0.0
2021-11-18 08:17:44,0.0
2021-11-18 08:18:24,0.0
2021-11-18 08:19:04,0.0
2021-11-18 08:19:44,0.0
2021-11-18 08:20:24,0.0
2021-11-18 08:21:05,0.0
2021-11-18 08:21:45,0.0
2021-11-18 08:22:25,0.0
2021-11-18 08:23:05,0.0
2021-11-18 08:23:45,0.0
2021-11-18 08:24:26,0.0
2021-11-18 08:25:06,0.0
2021-11-18 08:25:46,0.0
2021-11-18 08:26:26,0.0
2021-11-18 08:27:06,0.0
2021-11-18 08:27:47,0.0
2021-11-18 08:28:27,0.0
2021-11-18 08:29:07,0.0
2021-11-18 08:29:47,0.0
2021-11-18 08:30:27,0.0
2021-11-18 08:31:07,0.0
2021-11-18 08:31:48,0.0
2021-11-18 08:32:28,0.0
2021-11-18 08:33:08,0.0
2021-11-18 08:33:48,0.0
2021-11-18 08:34:28,0.0
2021-11-18 08:35:08,0.0
2021-11-18 08:35:49,0.0
2021-11-18 08:36:29,0.0
2021-11-18 08:37:09,0.0
2021-11-18 08:37:49,0.0
2021-11-18 08:38:29,0.0
2021-11-18 08:39:09,0.0
2021-11-18 08:39:50,0.0
2021-11-18 08:40:30,0.0
2021-11-18 08:41:10,0.0
2021-11-18 08:41:50,0.0
2021-11-18 08:42:30,0.0
2021-11-18 08:43:11,0.0
2021-11-18 08:43:51,0.0
2021-11-18 08:44:31,0.0
2021-11-18 08:45:11,0.0
2021-11-18 08:45:51,0.0
2021-11-18 08:46:31,0.0
2021-11-18 08:47:11,0.0
2021-11-18 08:47:52,0.0
2021-11-18 08:48:32,0.0
2021-11-18 08:49:12,0.0
2021-11-18 08:49:52,0.0
2021-11-18 08:50:32,0.0
2021-11-18 08:51:12,0.0
2021-11-18 08:51:53,0.0
2021-11-18 08:52:33,0.0
2021-11-18 08:53:13,0.0
2021-11-18 08:53:53,0.0
2021-11-18 08:54:33,0.0
2021-11-18 08:55:14,0.0
2021-11-18 08:55:54,0.0
2021-11-18 08:56:34,0.0
2021-11-18 08:57:14,0.0
2021-11-18 08:57:54,0.0
2021-11-18 08:58:34,0.0
2021-11-18 08:59:15,0.0
2021-11-18 08:59:55,0.0
2021-11-18 09:00:35,0.0
2021-11-18 09:01:15,0.0
2021-11-18 09:01:55,0.0
2021-11-18 09:02:36,0.0
2021-11-18 09:03:16,0.0
2021-11-18 09:03:56,0.0
2021-11-18 09:04:36,0.0
2021-11-18 09:05:16,0.0
2021-11-18 09:05:56,0.0
2021-11-18 09:06:36,0.0
2021-11-18 09:07:17,0.0
2021-11-18 09:07:57,0.0
2021-11-18 09:08:37,0.0
2021-11-18 09:09:17,0.0
2021-11-18 09:09:57,0.0
2021-11-18 09:10:37,0.0
2021-11-18 09:11:18,0.0
2021-11-18 09:11:58,0.0
2021-11-18 09:12:38,0.0
2021-11-18 09:13:18,0.0
2021-11-18 09:13:58,0.0
2021-11-18 09:14:38,0.0
2021-11-18 09:15:18,0.0
2021-11-18 09:15:59,0.0
2021-11-18 09:16:39,0.0
2021-11-18 09:17:19,0.0
2021-11-18 09:17:59,0.0
2021-11-18 09:18:39,0.0
2021-11-18 09:19:19,0.0
2021-11-18 09:20:00,0.0
2021-11-18 09:20:40,0.0
2021-11-18 09:21:20,0.0
2021-11-18 09:22:00,0.0
2021-11-18 09:22:40,0.0
2021-11-18 09:23:21,0.0
2021-11-18 09:24:01,0.0
2021-11-18 09:24:41,0.0
2021-11-18 09:25:21,0.0
2021-11-18 09:26:01,0.0
2021-11-18 09:26:41,0.0
2021-11-18 09:27:22,0.0
2021-11-18 09:28:02,0.0
2021-11-18 09:28:42,0.0
2021-11-18 09:29:22,0.0
2021-11-18 09:30:02,0.0
2021-11-18 09:30:42,0.0
2021-11-18 09:31:23,0.0
2021-11-18 09:32:03,0.0
2021-11-18 09:32:43,0.0
2021-11-18 09:33:23,0.0
2021-11-18 09:34:03,0.0
2021-11-18 09:34:43,0.0
2021-11-18 09:35:24,0.0
2021-11-18 09:36:04,0.0
2021-11-18 09:36:44,0.0
2021-11-18 09:37:24,0.0
2021-11-18 09:38:05,0.0
2021-11-18 09:38:45,0.0
2021-11-18 09:39:25,0.0
2021-11-18 09:40:05,0.0
2021-11-18 09:40:45,0.0
2021-11-18 09:41:25,0.0
2021-11-18 09:42:06,0.0
2021-11-18 09:42:46,0.0
2021-11-18 09:43:26,0.0
2021-11-18 09:44:06,0.0
2021-11-18 09:44:46,0.0
2021-11-18 09:45:26,0.0
2021-11-18 09:46:07,0.0
2021-11-18 09:46:47,0.0
2021-11-18 09:47:27,0.0
2021-11-18 09:48:07,0.0
2021-11-18 09:48:47,0.0
2021-11-18 09:49:27,0.0
2021-11-18 09:50:08,0.0
2021-11-18 09:50:48,0.0
2021-11-18 09:51:28,0.0
2021-11-18 09:52:08,0.0
2021-11-18 09:52:48,0.0
2021-11-18 09:53:28,0.0
2021-11-18 09:54:09,0.0
2021-11-18 09:54:49,0.0
2021-11-18 09:55:29,0.0
2021-11-18 09:56:09,0.0
2021-11-18 09:56:49,0.0
2021-11-18 09:57:29,0.0
2021-11-18 09:58:10,0.0
2021-11-18 09:58:50,0.0
2021-11-18 09:59:30,0.0
2021-11-18 10:00:10,0.0
2021-11-18 10:00:50,0.0
2021-11-18 10:01:30,0.0
2021-11-18 10:02:11,0.0
2021-11-18 10:02:51,0.0
2021-11-18 10:03:31,0.0
2021-11-18 10:04:11,0.0
2021-11-18 10:04:51,0.0
2021-11-18 10:05:31,0.0
2021-11-18 10:06:12,0.0
2021-11-18 10:06:52,0.0
2021-11-18 10:07:32,0.0
2021-11-18 10:08:12,0.0
2021-11-18 10:08:52,0.0
2021-11-18 10:09:32,0.0
2021-11-18 10:10:13,0.0
2021-11-18 10:10:53,0.0
2021-11-18 10:11:33,0.0
2021-11-18 10:12:13,0.0
2021-11-18 10:12:53,0.0
2021-11-18 10:13:33,0.0
2021-11-18 10:14:14,0.0
2021-11-18 10:14:54,0.0
2021-11-18 10:15:34,0.0
2021-11-18 10:16:14,0.0
2021-11-18 10:16:54,0.0
2021-11-18 10:17:34,0.0
2021-11-18 10:18:15,0.0
2021-11-18 10:18:55,0.0
2021-11-18 10:19:35,0.0
2021-11-18 10:20:15,0.0
2021-11-18 10:20:55,0.0
2021-11-18 10:21:36,0.0
2021-11-18 10:22:16,0.0
2021-11-18 10:22:56,0.0
2021-11-18 10:23:36,0.0
2021-11-18 10:24:16,0.0
2021-11-18 10:24:56,0.0
2021-11-18 10:25:37,0.0
2021-11-18 10:26:17,0.0
2021-11-18 10:26:57,0.0
2021-11-18 10:27:37,0.0
2021-11-18 10:28:17,0.0
2021-11-18 10:28:57,0.0
2021-11-18 10:29:38,0.0
2021-11-18 10:30:18,0.0
2021-11-18 10:30:58,0.0
2021-11-18 10:31:38,0.0
2021-11-18 10:32:18,0.0
2021-11-18 10:32:58,0.0
2021-11-18 10:33:38,0.0
2021-11-18 10:34:19,0.0
2021-11-18 10:34:59,0.0
2021-11-18 10:35:39,0.0
2021-11-18 10:36:19,0.0
2021-11-18 10:36:59,0.0
2021-11-18 10:37:39,0.0
2021-11-18 10:38:20,0.0
2021-11-18 10:39:00,0.0
2021-11-18 10:39:40,0.0
2021-11-18 10:40:20,0.0
2021-11-18 10:41:00,0.0
2021-11-18 10:41:40,0.0
2021-11-18 10:42:21,0.0
2021-11-18 10:43:01,0.0
2021-11-18 10:43:41,0.0
2021-11-18 10:44:21,0.0
2021-11-18 10:45:01,0.0
2021-11-18 10:45:41,0.0
2021-11-18 10:46:22,0.0
2021-11-18 10:47:02,0.0
2021-11-18 10:47:42,0.0
2021-11-18 10:48:22,0.0
2021-11-18 10:49:02,0.0
2021-11-18 10:49:42,0.0
2021-11-18 10:50:22,0.0
2021-11-18 10:51:03,0.0
2021-11-18 10:51:43,0.0
2021-11-18 10:52:23,0.0
2021-11-18 10:53:03,0.0
2021-11-18 10:53:43,0.0
2021-11-18 10:54:24,0.0
2021-11-18 10:55:04,0.0
2021-11-18 10:55:44,0.0
2021-11-18 10:56:24,0.0
2021-11-18 10:57:04,0.0
2021-11-18 10:57:44,0.0
2021-11-18 10:58:25,0.0
2021-11-18 10:59:05,0.0
2021-11-18 10:59:45,0.0
2021-11-18 11:00:25,0.0
2021-11-18 11:01:05,0.0
2021-11-18 11:01:45,0.0
2021-11-18 11:02:26,0.0
2021-11-18 11:03:06,0.0
2021-11-18 11:03:46,0.0
2021-11-18 11:04:26,0.0
2021-11-18 11:05:07,0.0
2021-11-18 11:05:47,0.0
2021-11-18 11:06:27,0.0
2021-11-18 11:07:07,0.0
2021-11-18 11:07:47,0.0
2021-11-18 11:08:27,0.0
2021-11-18 11:09:08,0.0
2021-11-18 11:09:48,0.0
2021-11-18 11:10:28,0.0
2021-11-18 11:11:08,0.0
2021-11-18 11:11:48,0.0
2021-11-18 11:12:28,0.0
2021-11-18 11:13:09,0.0
2021-11-18 11:13:49,0.0
2021-11-18 11:14:29,0.0
2021-11-18 11:15:09,0.0
2021-11-18 11:15:49,0.0
2021-11-18 11:16:29,0.0
2021-11-18 11:17:10,0.0
2021-11-18 11:17:50,0.0
2021-11-18 11:18:30,0.0
2021-11-18 11:19:10,0.0
2021-11-18 11:19:50,0.0
2021-11-18 11:20:30,0.0
2021-11-18 11:21:11,0.0
2021-11-18 11:21:51,0.0
2021-11-18 11:22:31,0.0
2021-11-18 11:23:11,0.0
2021-11-18 11:23:51,0.0
2021-11-18 11:24:32,0.0
2021-11-18 11:25:12,0.0
2021-11-18 11:25:52,0.0
2021-11-18 11:26:32,0.0
2021-11-18 11:27:12,0.0
2021-11-18 11:27:52,0.0
2021-11-18 11:28:33,0.0
2021-11-18 11:29:13,0.0
2021-11-18 11:29:53,0.0
2021-11-18 11:30:33,0.0
2021-11-18 11:31:13,0.0
2021-11-18 11:31:53,0.0
2021-11-18 11:32:34,0.0
2021-11-18 11:33:14,0.0
2021-11-18 11:33:54,0.0
2021-11-18 11:34:34,0.0
2021-11-18 11:35:14,0.0
2021-11-18 11:35:55,0.0
2021-11-18 11:36:35,0.0
2021-11-18 11:37:15,0.0
2021-11-18 11:37:55,0.0
2021-11-18 11:38:35,0.0
2021-11-18 11:39:16,0.0
2021-11-18 11:39:56,0.0
2021-11-18 11:40:36,0.0
2021-11-18 11:41:16,0.0
2021-11-18 11:41:56,0.0
2021-11-18 11:42:37,0.0
2021-11-18 11:43:17,0.0
2021-11-18 11:43:57,0.0
2021-11-18 11:44:37,0.0
2021-11-18 11:45:17,0.0
2021-11-18 11:45:57,0.0
2021-11-18 11:46:38,0.0
2021-11-18 11:47:18,0.0
2021-11-18 11:47:58,0.0
2021-11-18 11:48:38,0.0
2021-11-18 11:49:19,0.0
2021-11-18 11:49:59,0.0
2021-11-18 11:50:39,0.0
2021-11-18 11:51:19,0.0
2021-11-18 11:51:59,0.0
2021-11-18 11:52:39,0.0
2021-11-18 11:53:19,0.0
2021-11-18 11:54:00,0.0
2021-11-18 11:54:40,0.0
2021-11-18 11:55:20,0.0
2021-11-18 11:56:00,0.0
2021-11-18 11:56:40,0.0
2021-11-18 11:57:20,0.0
2021-11-18 11:58:01,0.0
2021-11-18 11:58:41,0.0
2021-11-18 11:59:21,0.0
2021-11-18 12:00:01,0.0
2021-11-18 12:00:41,0.0
2021-11-18 12:01:21,0.0
2021-11-18 12:02:02,0.0
2021-11-18 12:02:42,0.0
2021-11-18 12:03:22,0.0
2021-11-18 12:04:02,0.0
2021-11-18 12:04:42,0.0
2021-11-18 12:05:22,0.0
2021-11-18 12:06:03,0.0
2021-11-18 12:06:43,0.0
2021-11-18 12:07:23,0.0
2021-11-18 12:08:03,0.0
2021-11-18 12:08:43,0.0
2021-11-18 12:09:24,0.0
